,Low,2,3,4,5,6,7,8,9,High,RF
192607,-0.0244,0.0202,0.0232,0.0112,0.0325,0.0217,0.0183,0.0314,0.0153,0.106,0.22
192608,0.0155,0.0366,0.0424,0.0247,0.0454,0.0362,0.0258,0.0163,0.0084,0.0416,0.25
192609,-0.0448,0.0137,-0.0074,0.0079,0.0019,0.0068,0.0044,-0.0168,0.0547,-0.0238,0.23
192610,-0.1104,-0.044,-0.0249,-0.03,-0.0186,-0.0233,-0.0331,-0.0145,-0.0241,-0.057,0.32
192611,-0.0125,0.064,0.0346,0.0389,0.0474,0.0298,0.0214,0.0192,0.0167,0.0089,0.31
192612,0.0578,0.0299,0.0531,0.0358,0.0327,0.0297,0.0066,0.0419,0.002,-0.0002,0.28
192701,-0.0137,-0.0045,-0.0137,0.0068,0.0046,0.0112,0.0019,0.0052,-0.0021,0.0003,0.25
192702,0.0332,0.0543,0.0563,0.0424,0.0455,0.027,0.0314,0.0805,0.0443,0.0923,0.26
192703,-0.0705,-0.0488,-0.0032,0.0134,0.0082,0.0128,0.0013,0.0317,0.0432,-0.0408,0.3
192704,-0.0373,-0.0373,-0.0263,-0.0196,0.0034,0.0255,0.0087,0.0245,0.011,0.0438,0.25
192705,0.0704,0.0489,0.0478,0.0427,0.0673,0.0524,0.0601,0.0685,0.0687,0.0604,0.3
192706,-0.0376,-0.0236,-0.0177,-0.028,-0.0225,-0.016,-0.0302,-0.0119,-0.0169,-0.0329,0.26
192707,0.0623,0.0593,0.0559,0.0745,0.0887,0.0505,0.1086,0.0737,0.0902,0.0533,0.3
192708,-0.0364,0.0074,0.0099,0.0114,0.0148,0.0202,0.0223,-0.006,0.0474,0.0557,0.28
192709,0.0967,0.036,0.0196,0.0215,0.0393,0.0572,0.0502,0.0611,0.0566,0.0826,0.21
192710,-0.0214,-0.0565,-0.0673,-0.0426,-0.0222,-0.0241,-0.0433,-0.0287,-0.0573,-0.0676,0.25
192711,0.0937,0.1089,0.0821,0.0754,0.0578,0.051,0.0587,0.0556,0.0523,0.0894,0.21
192712,0.0115,0.0102,0.0188,0.0223,0.0231,0.0291,0.0196,0.0381,0.0402,-0.0018,0.22
192801,0.0095,0.0021,-0.0127,0.001,0.0229,-0.0122,-0.0095,-0.0164,0.008,-0.0135,0.25
192802,-0.0315,-0.03,-0.0158,-0.0004,-0.0177,-0.0068,-0.0214,-0.0355,-0.0093,-0.0502,0.33
192803,0.1068,0.0454,0.0502,0.0924,0.0645,0.0754,0.0679,0.0627,0.2006,0.0983,0.29
192804,0.0499,0.0616,0.0755,0.0266,0.0584,0.0506,0.0525,0.0611,0.021,0.023,0.22
192805,0.0264,0.0438,0.0319,0.0269,0.0392,-0.0086,0.0054,-0.0042,-0.0113,-0.0291,0.32
192806,-0.0615,-0.0387,-0.0381,-0.0539,-0.0433,-0.0417,-0.0325,-0.0451,-0.0634,-0.1094,0.31
192807,-0.0041,0.0352,-0.0097,0.0055,0.0206,0.0076,0.0052,0.0063,0.0217,0.0183,0.32
192808,0.1247,0.084,0.0646,0.0552,0.061,0.0582,0.0577,0.0922,0.0842,0.1174,0.32
192809,0.0347,0.067,0.0134,0.0237,0.0254,0.0326,0.0404,0.0144,0.0343,0.0701,0.27
192810,0.009,0.0198,0.0239,0.0048,0.019,0.032,0.0073,0.0155,0.0458,0.002,0.41
192811,0.1328,0.0827,0.1018,0.0976,0.1546,0.0887,0.13,0.1073,0.1939,0.148,0.38
192812,0.0198,-0.0304,0.0076,-0.0041,0.0026,0.0075,0.0081,0.0326,0.0169,-0.0025,0.06
192901,-0.0394,-0.054,0.0101,0.0402,0.0339,0.0741,0.1327,0.0438,0.0519,0.0667,0.34
192902,-0.0195,0.0048,-0.0082,0.0141,0.0166,0.0067,0.013,-0.0231,-0.0006,-0.0053,0.36
192903,-0.047,-0.0466,-0.0318,-0.0184,0.0007,0.0187,0.0014,0.0168,-0.0087,0.0105,0.34
192904,0.0313,0.0053,0.0208,0.0067,0.0321,0.0193,0.0239,0.0215,0.0262,-0.0019,0.36
192905,-0.1277,-0.0748,-0.064,-0.0718,-0.0911,-0.0118,-0.0217,-0.062,-0.0797,-0.0308,0.44
192906,0.1325,0.0856,0.0794,0.1153,0.1232,0.0793,0.087,0.0699,0.1068,0.1435,0.52
192907,0.0019,0.0037,0.0138,0.0444,0.0375,0.0317,0.0338,0.0858,0.0395,0.0761,0.33
192908,0.1046,0.0236,0.0533,0.0667,0.0984,0.0736,0.0886,0.0801,0.1406,0.075,0.4
192909,-0.061,-0.0101,-0.0349,-0.041,0.0317,-0.0505,-0.0654,-0.0649,-0.0524,-0.0656,0.35
192910,-0.3233,-0.2186,-0.2103,-0.1142,-0.2076,-0.1612,-0.1803,-0.2031,-0.1571,-0.298,0.46
192911,-0.1854,-0.2018,-0.155,-0.1384,-0.1369,-0.1358,-0.1131,-0.1091,-0.0896,-0.0718,0.37
192912,0.0621,0.0096,0.042,0.029,0.0426,0.0156,0.0113,-0.0119,0.0102,-0.0591,0.37
193001,0.1217,0.0545,0.0564,0.0734,0.0463,0.0525,0.0456,0.0515,0.0547,0.0824,0.14
193002,0.0672,-0.0245,0.0338,0.0289,0.0326,0.0343,0.0394,0.0419,0.0381,0.0809,0.3
193003,0.1825,0.0562,0.0361,0.0327,0.0513,0.0833,0.0775,0.0707,0.1058,0.1151,0.35
193004,-0.0166,-0.0015,-0.0081,-0.0199,-0.0675,-0.0007,-0.0091,-0.038,0.0366,0.0116,0.21
193005,0.0637,-0.0299,-0.0233,-0.0154,0.0059,-0.0075,-0.0088,-0.0202,-0.0162,-0.053,0.26
193006,-0.2449,-0.2371,-0.2209,-0.1478,-0.1665,-0.1608,-0.1425,-0.1243,-0.1749,-0.1615,0.27
193007,0.1025,0.0685,0.0588,0.0845,0.0795,0.0345,0.0254,0.0324,0.0217,0.0029,0.2
193008,0.0016,-0.0019,-0.0063,0.0069,0.0054,0.0206,0.017,-0.0015,-0.0065,-0.0373,0.09
193009,-0.1855,-0.1806,-0.1549,-0.1139,-0.1372,-0.1405,-0.0836,-0.1294,-0.1258,-0.1687,0.22
193010,-0.2093,-0.1399,-0.0888,-0.1312,-0.1069,-0.0983,-0.0748,-0.0608,-0.0496,-0.0769,0.09
193011,0.0014,-0.0407,-0.0285,-0.0249,-0.0291,-0.0171,-0.0473,-0.0267,-0.0196,-0.0282,0.13
193012,-0.0691,-0.1213,-0.0812,-0.0898,-0.0618,-0.0607,-0.0639,-0.0523,-0.1121,-0.155,0.14
193101,0.2929,0.2067,0.1143,0.1062,0.0973,0.0748,0.0532,0.0474,0.0427,0.0275,0.15
193102,0.1633,0.1078,0.1097,0.0954,0.0809,0.1399,0.0984,0.1375,0.2224,0.1826,0.04
193103,-0.0048,-0.075,-0.0668,-0.061,-0.0443,-0.0373,-0.0592,-0.1079,-0.1084,-0.1392,0.13
193104,-0.1771,-0.1518,-0.1315,-0.1371,-0.11,-0.1068,-0.0709,-0.0486,-0.0709,-0.2024,0.08
193105,-0.1264,-0.1453,-0.1695,-0.2084,-0.158,-0.1434,-0.1327,-0.1374,-0.1125,-0.1036,0.09
193106,0.3286,0.2314,0.2209,0.1613,0.141,0.1203,0.1169,0.1232,0.0703,0.0507,0.08
193107,0.0281,-0.0207,-0.0377,-0.0462,-0.0725,-0.0686,-0.1079,-0.1069,-0.1146,-0.1514,0.06
193108,-0.0182,-0.0155,0.0238,0.0174,0.006,-0.0077,0.0225,-0.0292,0.0161,-0.0099,0.03
193109,-0.2801,-0.2556,-0.3104,-0.2282,-0.3038,-0.2832,-0.2816,-0.3154,-0.2972,-0.3298,0.03
193110,0.2302,0.1374,0.1828,0.1436,0.1126,0.111,0.0859,0.0458,0.0058,-0.0598,0.1
193111,-0.1971,-0.1447,-0.0917,-0.0737,-0.0977,-0.0524,-0.086,-0.0933,-0.1081,-0.0901,0.17
193112,-0.2281,-0.2139,-0.2476,-0.1407,-0.1471,-0.1055,-0.0991,-0.1178,-0.1073,-0.1569,0.12
193201,0.4847,0.0932,0.0362,0.073,-0.0065,0.0276,-0.0153,-0.0618,-0.0195,-0.1089,0.23
193202,0.0311,0.0831,0.0886,0.0469,0.0746,0.0406,0.0401,-0.0185,0.0333,-0.0961,0.23
193203,-0.1748,-0.1544,-0.1587,-0.0765,-0.1486,-0.0906,-0.1296,-0.0929,-0.0985,-0.1502,0.16
193204,-0.1834,-0.2356,-0.2131,-0.2346,-0.2209,-0.1581,-0.1634,-0.1492,-0.1697,-0.0967,0.11
193205,-0.2347,-0.1809,-0.1869,-0.2461,-0.1533,-0.2557,-0.1859,-0.255,-0.1813,-0.1926,0.06
193206,0.2739,0.1135,0.0348,0.0571,-0.0051,-0.0359,-0.0719,-0.0812,-0.0056,0.0166,0.02
193207,0.5824,0.4753,0.2041,0.2967,0.2827,0.2917,0.4205,0.4252,0.411,0.6365,0.03
193208,0.319,0.277,0.2701,0.3135,0.3155,0.2998,0.4375,0.6124,0.6737,0.5137,0.03
193209,-0.0091,-0.0548,-0.0013,0.024,-0.0481,-0.0356,-0.043,-0.0516,-0.1511,-0.1584,0.03
193210,-0.1845,-0.216,-0.1316,-0.1008,-0.1214,-0.1278,-0.1065,-0.1034,-0.1795,-0.2012,0.02
193211,-0.0985,-0.1271,-0.0554,-0.0616,-0.0453,-0.0914,-0.0549,-0.0262,-0.0375,-0.224,0.02
193212,-0.0409,0.0171,0.0163,0.0028,0.049,0.0627,0.051,0.0253,0.0884,0.025,0.01
193301,0.1186,0.0658,0.0385,0.0237,0.0222,-0.0374,0.0121,-0.0012,0.0435,-0.0099,0.01
193302,-0.1837,-0.1565,-0.1866,-0.1646,-0.1069,-0.1881,-0.1208,-0.1365,-0.1739,-0.166,-0.03
193303,0.2388,0.0451,0.0687,0.0289,-0.0017,0.0474,0.0656,-0.0131,0.0819,0.0379,0.04
193304,0.5445,0.2673,0.2567,0.2914,0.4002,0.3585,0.5507,0.5482,0.6095,0.4753,0.1
193305,0.273,0.1892,0.1807,0.2134,0.1465,0.2643,0.2727,0.1991,0.2603,0.3816,0.04
193306,0.1153,0.1034,0.1564,0.1799,0.1179,0.2377,0.1508,0.0906,0.2192,0.1601,0.02
193307,-0.0999,-0.0718,-0.0967,-0.0652,-0.0812,-0.0835,-0.1181,-0.1804,-0.1308,-0.1761,0.02
193308,0.2883,0.2177,0.1219,0.1233,0.1542,0.0906,0.103,0.1262,0.1159,0.0876,0.03
193309,-0.0845,-0.1403,-0.1961,-0.0854,-0.0891,-0.1217,-0.076,-0.1001,-0.1439,-0.0851,0.02
193310,-0.1124,-0.1311,-0.1556,-0.1179,-0.094,-0.0864,-0.0637,-0.0888,-0.0601,-0.0783,0.01
193311,0.132,0.1071,0.1321,0.065,0.0833,0.1575,0.0928,0.0806,0.0841,0.0814,0.02
193312,0.0486,0.0133,0.0307,0.0048,0.01,-0.0197,0.0095,0.0047,0.0533,0.0789,0.02
193401,0.289,0.2247,0.1637,0.0695,0.1479,0.0956,0.1191,0.142,0.1725,0.1268,0.05
193402,-0.026,-0.0097,-0.0461,-0.0318,-0.0171,-0.0119,-0.0122,-0.0394,-0.0065,-0.0476,0.02
193403,0.0454,0.0073,0.0062,-0.0118,-0.0064,-0.0082,0.0135,0.0095,0.005,0.0081,0.02
193404,0.0491,0.0096,-0.0614,-0.0267,-0.0214,-0.021,-0.004,-0.0066,-0.0118,-0.0305,0.01
193405,-0.1279,-0.1111,-0.1087,-0.0991,-0.0705,-0.0584,-0.0629,-0.0322,-0.0375,-0.0582,0.01
193406,0.0031,0.0042,0.0171,0.0194,0.0016,0.0591,0.0271,0.0255,0.0279,0.0396,0.01
193407,-0.2129,-0.2018,-0.1967,-0.1272,-0.1222,-0.0767,-0.1109,-0.0818,-0.1214,-0.1386,0.01
193408,0.162,0.1205,0.1373,0.1403,0.0904,0.0477,0.0625,0.0566,0.0419,0.0114,0.01
193409,0.0067,-0.011,0.0155,0.0045,-0.0005,-0.0386,-0.0008,-0.0252,-0.0265,0.0179,0.01
193410,-0.0152,-0.0056,-0.0365,-0.0093,-0.0503,-0.0173,0.0007,-0.0156,-0.0233,0.0268,0.01
193411,0.0932,0.068,0.0819,0.0973,0.1153,0.0382,0.0958,0.0883,0.1054,0.0792,0.01
193412,-0.0444,-0.0024,-0.0096,0.0067,-0.0088,-0.0042,0.0236,0.0338,0.0235,0.0553,0.01
193501,-0.0358,-0.0629,-0.0279,-0.0271,-0.0312,-0.0458,-0.0382,-0.0157,-0.036,-0.0573,0.01
193502,-0.0824,-0.0593,-0.0407,-0.0208,-0.0547,-0.0123,0.0015,0.0212,0.0135,-0.0714,0.02
193503,0.0672,-0.1044,-0.0414,-0.0286,-0.0669,-0.0427,-0.0346,-0.0249,-0.0344,-0.0343,0.01
193504,0.1465,0.1011,0.0923,0.1256,0.0572,0.0923,0.0724,0.0981,0.0843,0.1059,0.01
193505,0.054,0.0447,0.0451,0.0302,0.0207,0.0448,0.0457,0.03,0.0394,-0.0387,0.01
193506,0.0825,0.0798,0.0613,0.0312,0.063,0.0585,0.0666,0.0616,0.0637,0.0649,0.01
193507,0.1623,0.0244,0.0563,0.0316,0.0401,0.0723,0.1135,0.0963,0.0976,0.0987,0.01
193508,0.0113,0.0113,-0.0141,0.003,0.0333,0.0145,0.0739,0.073,0.0418,0.0249,0.01
193509,-0.003,0.005,-0.0021,0.0249,0.0269,0.0375,0.0223,0.0828,0.003,-0.044,0.01
193510,0.1896,0.1141,0.1046,0.058,0.0573,0.054,0.0303,0.0857,0.1136,0.0977,0.01
193511,0.117,0.05,0.0446,0.0703,0.053,0.0513,0.0242,0.0307,0.0761,0.0149,0.02
193512,0.0638,0.0369,0.0376,0.0346,0.0396,0.0342,0.0624,0.1108,0.0626,0.0288,0.01
193601,0.0417,0.0342,0.0523,0.0542,0.0507,0.0684,0.1346,0.0967,0.0481,0.1207,0.01
193602,0.0305,0.0097,0.0285,0.0314,0.0383,0.0253,0.0239,0.0035,0.0123,-0.0951,0.01
193603,0.0044,0.0034,-0.0147,-0.0011,0.064,0.0519,-0.0185,-0.0072,-0.0164,0.007,0.02
193604,-0.1252,-0.0877,-0.07,-0.0748,-0.0786,-0.079,-0.076,-0.0709,-0.0985,-0.1009,0.02
193605,0.0872,0.1117,0.0507,0.0599,0.0418,0.0415,0.0346,0.0602,0.0619,0.0581,0.02
193606,0.031,0.0341,0.0217,0.0179,0.0389,0.0218,0.0253,0.0273,0.0201,-0.028,0.03
193607,0.1223,0.0754,0.072,0.0802,0.0621,0.0967,0.0412,0.0769,0.0591,0.0627,0.01
193608,0.0141,0.013,0.0127,-0.0043,0.0031,0.0155,0.0024,0.0095,0.0352,0.0095,0.02
193609,0.0255,0.0104,0.0228,0.0086,0.0281,-0.0013,0.0071,0.0104,0.0019,0.0281,0.01
193610,0.0462,0.0909,0.0706,0.0791,0.0479,0.0755,0.0699,0.063,0.0447,0.0564,0.02
193611,0.0606,0.0388,0.0285,0.0364,0.0243,0.0222,0.0417,0.0541,0.0247,0.034,0.01
193612,-0.0021,-0.0172,0.0121,-0.0231,0.006,0.0353,0.007,0.0007,0.0079,0.0682,0
193701,0.0413,0.0429,0.0221,0.0217,0.0026,0.0646,0.0203,0.0795,0.0403,0.0458,0.01
193702,0.0161,0.0133,0.0113,0.0249,-0.0108,0.0291,-0.0065,0.0169,0.0128,-0.0019,0.02
193703,-0.0066,-0.0191,-0.0164,-0.0324,-0.0255,0.0008,-0.0022,0.0311,0.0546,0.0455,0.01
193704,-0.0875,-0.0697,-0.0494,-0.0727,-0.0628,-0.074,-0.0639,-0.0987,-0.0845,-0.0784,0.03
193705,0.0173,0.0046,-0.0342,0.0049,-0.023,-0.0072,-0.0174,0.0055,-0.0068,-0.0145,0.06
193706,-0.0483,-0.0588,-0.0761,-0.0563,-0.0247,-0.0587,-0.0339,-0.023,-0.0385,-0.0406,0.03
193707,0.107,0.1136,0.1381,0.0853,0.0995,0.1247,0.0791,0.0672,0.1053,0.0618,0.03
193708,-0.0354,-0.0262,-0.0276,-0.0514,-0.0464,-0.0473,-0.0684,-0.0352,-0.0673,-0.1607,0.02
193709,-0.2001,-0.2072,-0.1782,-0.1263,-0.1502,-0.1834,-0.0989,-0.1054,-0.134,-0.133,0.04
193710,-0.1303,-0.1287,-0.1466,-0.1483,-0.122,-0.1118,-0.1094,-0.0797,-0.0942,-0.072,0.02
193711,-0.1003,-0.1254,-0.0697,-0.107,-0.1253,-0.0982,-0.0775,-0.0715,-0.0319,-0.0791,0.02
193712,-0.1214,-0.0628,-0.0679,-0.1033,-0.0311,-0.0145,-0.0259,-0.0313,-0.0206,-0.0747,0
193801,0.0425,0.0629,0.0286,0.0805,0.0108,0.0188,0.0166,-0.0096,-0.0062,-0.0246,0
193802,0.1178,0.0586,0.0313,0.0744,0.0621,0.1013,0.0638,0.0407,0.0407,0.0066,0
193803,-0.2322,-0.1922,-0.1828,-0.2454,-0.2282,-0.247,-0.2611,-0.253,-0.262,-0.2902,-0.01
193804,0.2601,0.2731,0.1888,0.1979,0.1845,0.1605,0.1438,0.1023,0.1426,0.099,0.01
193805,-0.0189,-0.0237,-0.0145,-0.0426,-0.0659,-0.0613,-0.0455,-0.0836,-0.1076,-0.0917,0
193806,0.425,0.4499,0.3905,0.3489,0.2681,0.3247,0.2517,0.1968,0.1282,0.152,0
193807,0.0588,0.0313,0.0716,0.0517,0.0963,0.0897,0.1055,0.0872,0.119,0.1066,-0.01
193808,-0.0465,-0.009,-0.031,-0.0198,-0.0568,-0.0335,-0.0541,0.039,-0.0177,-0.0402,0
193809,0.0099,0.0046,0.0004,0.0111,0.0042,0.0174,0.0104,0.0068,0.0046,0.0098,0.02
193810,0.1692,0.162,0.1306,0.0967,0.0716,0.0853,0.0699,0.057,0.0895,0.0684,0.01
193811,-0.0104,-0.0074,-0.0113,-0.0175,-0.0285,-0.0193,-0.0076,-0.0464,-0.0184,-0.044,-0.06
193812,0.0978,0.0309,0.0641,0.0349,0.0424,0.0374,0.0344,0.0374,0.047,0.0771,0
193901,-0.0345,-0.0589,-0.0588,-0.0642,-0.0373,-0.0528,-0.06,-0.0793,-0.0951,-0.1201,-0.01
193902,0.065,0.0679,0.0442,0.0441,0.0345,0.0233,0.027,0.0179,0.0387,0.0556,0.01
193903,-0.1017,-0.0965,-0.0754,-0.1125,-0.1168,-0.0864,-0.1798,-0.1549,-0.1528,-0.1855,-0.01
193904,0.0766,0.0133,-0.01,0.0053,-0.0182,-0.0057,0.0032,-0.012,-0.0121,0.0139,0
193905,0.1237,0.0747,0.0896,0.0792,0.0585,0.0582,0.0648,0.0586,0.0659,0.0562,0.01
193906,-0.028,-0.0576,-0.0335,-0.0316,-0.0647,-0.0769,-0.0696,-0.0766,-0.0697,-0.081,0.01
193907,0.2115,0.2211,0.1845,0.1639,0.1391,0.0921,0.1065,0.0617,0.0691,0.0557,0
193908,-0.0494,-0.0488,-0.0474,-0.0441,-0.0698,-0.0888,-0.0841,-0.0934,-0.1174,-0.159,-0.01
193909,0.4421,0.4059,0.2639,0.2527,0.392,0.1641,0.2004,0.1267,0.0808,0.2029,0.01
193910,0.0712,0.0412,0.0304,-0.0238,-0.0315,-0.0257,-0.0576,-0.0429,-0.045,-0.1098,0
193911,-0.1367,-0.1162,-0.0856,-0.0577,-0.0333,-0.0334,0.0023,-0.0121,-0.019,-0.0324,0
193912,0.0363,0.0309,0.0228,0.029,0.0424,0.0273,0.0291,0.0288,0.0266,0.0413,0
194001,-0.0106,-0.02,-0.0009,-0.0208,-0.0093,-0.0273,-0.0246,-0.0294,-0.043,-0.0323,0
194002,0.0408,0.0381,0.0182,0.0057,0.0123,0.019,0.0074,0.0062,0.0041,0.0187,0
194003,0.0286,0.0213,0.028,0.0417,0.0204,0.0111,0.011,0.019,0.0156,0.0393,0
194004,0.1344,-0.0127,-0.0086,0.0062,0.0079,0.0023,-0.0048,-0.0167,0.0073,-0.0099,0
194005,-0.2745,-0.2452,-0.2374,-0.2198,-0.2336,-0.1809,-0.2183,-0.2208,-0.2399,-0.3127,-0.02
194006,0.1318,0.0904,0.0939,0.0947,0.0791,0.0724,0.082,0.0706,0.0511,0.0486,0
194007,0.0564,0.043,0.0388,0.0322,0.0342,0.046,0.0226,0.0378,0.0182,-0.011,0.01
194008,0.0132,0.0148,0.0163,0.0203,0.0047,0.0456,0.0257,0.0146,0.0296,0.0105,-0.01
194009,0.0212,0.0298,0.0088,0.0204,0.0291,0.0368,0.0239,0.0228,0.0201,0.0275,0
194010,0.0952,0.0433,0.0422,0.0393,0.022,-0.0037,0.0441,0.0498,0.0394,0.0429,0
194011,-0.0169,-0.0348,-0.0325,-0.0102,0.0098,-0.0013,-0.0062,-0.0129,-0.02,-0.0472,0
194012,-0.0013,0.0146,0.0136,0.0056,0.0167,0.0019,0.0083,0.011,-0.0124,-0.0358,0
194101,0.0057,-0.0067,-0.0327,-0.0712,-0.0192,-0.033,-0.0305,-0.0461,-0.0506,-0.059,-0.01
194102,0.0145,0.0038,-0.0191,-0.0181,-0.0249,-0.0082,-0.0205,-0.0168,-0.0225,-0.0223,-0.01
194103,-0.0105,0.0173,0.0313,-0.0005,0.0191,0.0153,0.0011,-0.0071,-0.0009,0.0125,0.01
194104,-0.0613,-0.0732,-0.0625,-0.088,-0.0501,-0.0577,-0.0411,-0.0166,-0.0311,-0.0544,-0.01
194105,0.0142,0.0199,0.0105,0.0247,0.0007,0.0299,-0.027,0.0203,0.0239,0.0392,0
194106,0.046,0.0759,0.0702,0.0808,0.0447,0.0459,0.0399,0.0618,0.0764,0.0352,0
194107,0.1183,0.0882,0.0927,0.0436,0.0385,0.0706,0.0511,0.0771,0.0318,0.1035,0.03
194108,0.0138,0.0111,-0.0016,0.0079,-0.0205,-0.012,-0.0241,-0.0058,-0.0024,-0.0268,0.01
194109,-0.039,0.0065,-0.0247,-0.0283,-0.005,-0.0097,-0.0062,0.0065,-0.0131,-0.0095,0.01
194110,-0.0851,-0.0546,-0.0544,-0.0494,-0.0396,-0.0752,-0.045,-0.0445,-0.0461,-0.0636,0
194111,-0.0839,-0.0142,-0.0133,-0.047,-0.0241,-0.0195,-0.0074,-0.0243,0.0199,0.0064,0
194112,-0.0309,-0.0866,-0.0381,-0.0748,-0.07,-0.021,-0.0312,-0.0232,-0.0021,-0.077,0.01
194201,0.1788,0.0957,0.0298,0.0457,0.0197,0.0284,0.0077,-0.0366,-0.0211,-0.0112,0.02
194202,-0.0461,-0.0409,-0.0112,-0.0187,0.0003,-0.0086,-0.0165,-0.0312,-0.0147,-0.0209,0.01
194203,-0.0369,-0.0806,-0.0773,-0.0786,-0.0897,-0.0622,-0.0656,-0.0626,-0.0158,-0.0109,0.01
194204,-0.0193,-0.0286,-0.0403,-0.0528,-0.0303,-0.0478,-0.0541,-0.0389,-0.0516,-0.0578,0.01
194205,0.0567,0.0264,0.0353,0.0731,0.039,0.0944,0.0539,0.0412,0.049,0.0728,0.03
194206,0.0108,0.0384,0.0358,0.018,0.0336,0.0436,0.044,0.019,0.026,0.0089,0.02
194207,0.0589,0.0678,0.0433,0.0289,0.0489,0.0265,0.0387,0.0248,0.0198,0.0299,0.03
194208,0.0243,0.0162,0.026,0.013,0.0145,0.0288,-0.0012,0.0161,0.0211,0.0294,0.03
194209,0.0096,0.0235,0.0345,0.0036,0.0338,0.023,0.0234,0.0228,0.0252,0.031,0.03
194210,0.0889,0.0726,0.081,0.0418,0.0654,0.0593,0.0696,0.0631,0.1,0.1216,0.03
194211,0.0268,0.0411,0.0174,-0.0021,0.004,0.0067,-0.0237,-0.026,-0.0402,-0.0538,0.03
194212,0.0516,0.0607,0.0586,0.0407,0.0715,0.0707,0.0548,0.0412,0.0395,0.0225,0.03
194301,0.2023,0.1399,0.1009,0.059,0.0865,0.0773,0.076,0.0632,0.0403,0.0749,0.03
194302,0.0506,0.0758,0.0456,0.0577,0.0503,0.0467,0.0768,0.0752,0.1335,0.3127,0.03
194303,0.0735,0.0374,0.053,0.0675,0.0612,0.0442,0.0769,0.1146,0.0563,0.0975,0.03
194304,0.0271,0.0176,0.0035,-0.0103,0.0018,-0.0065,0.0135,0.0138,0.0192,0.0471,0.03
194305,0.0853,0.0616,0.054,0.0411,0.0751,0.0572,0.0459,0.0493,0.0466,0.1029,0.03
194306,-0.0103,0.0232,0.0292,0.0182,0.0184,0.0342,0.0125,0.0065,0.0027,-0.011,0.03
194307,-0.1074,-0.0641,-0.0478,-0.0351,-0.024,-0.0295,-0.0364,-0.0722,-0.0685,-0.0574,0.03
194308,0.0241,0.0137,0.0305,0.0261,0.0153,0.0171,0.0151,-0.0035,0.0151,-0.0033,0.03
194309,0.0088,0.0385,0.0299,0.0427,0.0344,0.0243,0.0116,0.0225,0.0205,0.0083,0.03
194310,0.0099,-0.0122,-0.0091,-0.0025,-0.0193,-0.0052,-0.0133,-0.0255,-0.0179,-0.0171,0.03
194311,-0.0836,-0.0613,-0.0753,-0.052,-0.0639,-0.0529,-0.0275,-0.0697,-0.0865,-0.0794,0.03
194312,0.1912,0.1216,0.1154,0.0851,0.0842,0.0678,0.0656,0.0503,0.0467,0.0389,0.03
194401,0.0196,0.0191,0.0264,0.0171,0.0093,0.026,0.0083,0.0128,0.0152,0.0356,0.03
194402,0.0028,0.0052,0.0039,0.0134,-0.01,-0.0081,0.0059,-0.0005,0.0137,0.0241,0.03
194403,0.0418,0.0348,0.0264,0.0162,0.0118,0.0201,0.0239,0.0381,0.0084,0.0245,0.02
194404,-0.0209,-0.0166,-0.016,-0.0116,-0.0083,-0.0206,-0.0136,-0.0326,-0.0388,-0.0176,0.03
194405,0.0839,0.0704,0.0575,0.0713,0.0622,0.0514,0.0604,0.0391,0.0367,0.0364,0.03
194406,0.0791,0.0321,0.0436,0.0497,0.0672,0.0635,0.0707,0.0407,0.054,0.1124,0.03
194407,-0.0027,-0.0094,-0.0042,-0.0078,-0.0288,-0.0036,-0.0287,-0.0314,-0.039,-0.0337,0.03
194408,0.0731,0.0246,0.0309,0.0133,0.0106,0.0134,0.0137,0.0148,0.0128,0.0045,0.03
194409,0.0021,-0.0059,0.0036,0.0016,-0.0006,0.001,0.0086,-0.0061,0.0017,-0.024,0.02
194410,-0.0111,0.0032,-0.0096,0.0153,0.0136,0.0056,-0.0077,0.0012,-0.0094,-0.001,0.03
194411,0.0266,0.0294,0.0216,0.0181,0.0225,0.0045,0.0062,0.0226,0.0173,0.0146,0.03
194412,0.0503,0.0451,0.027,0.0288,0.0291,0.0393,0.0423,0.0526,0.0752,0.076,0.02
194501,0.0398,0.0008,0.0269,0.0241,0.0533,0.0217,0.017,0.0194,-0.001,-0.0228,0.03
194502,0.1071,0.0567,0.0633,0.0595,0.0538,0.0572,0.0663,0.0621,0.0493,0.0855,0.02
194503,-0.0247,-0.0277,-0.0248,-0.0394,-0.0346,-0.043,-0.0456,-0.0538,-0.0718,-0.0767,0.02
194504,0.1398,0.1138,0.0899,0.0882,0.0834,0.0904,0.0876,0.0654,0.0525,0.0712,0.03
194505,0.0416,0.0374,0.0386,0.0067,0.0144,0.0086,0.0064,0.0151,0.0125,0.0218,0.03
194506,0.008,0.0142,0.013,0.0033,-0.0066,0.0062,0.0008,-0.0016,0.0049,0.0117,0.02
194507,-0.0148,-0.0132,-0.0173,-0.0334,-0.0194,-0.0151,-0.0008,-0.0235,-0.0579,-0.0902,0.03
194508,0.0269,0.0779,0.0988,0.0641,0.0697,0.08,0.0651,0.0709,0.0305,0.0451,0.03
194509,0.0853,0.0409,0.0425,0.0366,0.0469,0.0434,0.0606,0.0479,0.0366,0.039,0.03
194510,0.0333,0.0474,0.0285,0.0347,0.0505,0.037,0.0236,0.0434,0.0645,0.0735,0.03
194511,0.0652,0.0286,0.0411,0.0381,0.0655,0.0674,0.0574,0.074,0.0656,0.073,0.02
194512,0.025,0.0135,0.0177,0.0204,0.0159,0.0327,-0.0032,0.0002,-0.0174,-0.0167,0.03
194601,0.0771,0.0624,0.0714,0.074,0.0568,0.0475,0.0673,0.062,0.0973,0.0442,0.03
194602,-0.05,-0.052,-0.0354,-0.058,-0.0633,-0.049,-0.0758,-0.0726,-0.0619,-0.1007,0.03
194603,0.0423,0.0366,0.0585,0.062,0.0298,0.066,0.0691,0.0779,0.0482,0.0726,0.03
194604,-0.0016,0.0102,0.0226,0.0335,0.0341,0.0558,0.0493,0.052,0.0657,0.0658,0.03
194605,0.0665,0.0529,0.059,0.039,0.0348,0.0348,0.0391,0.024,0.03,0.0272,0.03
194606,-0.0498,-0.0383,-0.0304,-0.0371,-0.0255,-0.0368,-0.0502,-0.0511,-0.0434,-0.0526,0.03
194607,-0.0341,-0.0465,-0.0232,-0.0229,-0.0338,-0.0314,-0.0268,-0.0295,-0.0113,-0.0297,0.03
194608,-0.0817,-0.0641,-0.0628,-0.0784,-0.0812,-0.0689,-0.0643,-0.0531,-0.0609,-0.0571,0.03
194609,-0.1629,-0.1282,-0.1248,-0.126,-0.1095,-0.0781,-0.0975,-0.0962,-0.0878,-0.095,0.03
194610,-0.0019,-0.0057,-0.0149,0.0063,-0.0168,-0.0119,-0.0197,-0.0063,-0.019,-0.0219,0.03
194611,-0.0098,-0.0122,0.0094,-0.008,0.0009,0.0019,0.0035,-0.0068,0.0041,-0.0132,0.03
194612,0.0418,0.0556,0.0436,0.0448,0.0482,0.0518,0.0477,0.0562,0.0546,0.0581,0.03
194701,0.0391,0.0286,0.048,0.0228,0.0073,0.0209,-0.002,0.0058,-0.0071,-0.0269,0.03
194702,-0.0013,-0.008,-0.0163,-0.0138,-0.0168,-0.01,-0.0028,-0.0137,-0.02,0.0059,0.03
194703,-0.0286,-0.019,-0.0175,-0.0041,-0.0121,-0.0221,-0.0177,-0.0218,-0.0077,-0.0333,0.03
194704,-0.1044,-0.0837,-0.0668,-0.0565,-0.058,-0.0633,-0.0326,-0.058,-0.0252,-0.0333,0.03
194705,-0.0636,-0.046,-0.0329,-0.0032,-0.0164,-0.0048,-0.0037,-0.0187,-0.006,0.0041,0.03
194706,0.0269,0.0749,0.0474,0.0653,0.0565,0.0488,0.0294,0.0549,0.0595,0.073,0.03
194707,0.0335,0.0657,0.061,0.0399,0.0571,0.0367,0.0213,0.0483,0.0431,0.0328,0.03
194708,-0.0118,-0.0008,-0.0107,-0.016,-0.0225,-0.0256,-0.0245,-0.0202,-0.032,-0.0308,0.03
194709,0.0083,-0.0043,-0.007,0.0164,-0.0183,-0.0012,-0.0096,-0.0042,-0.0185,0.0091,0.06
194710,0.0592,0.0403,0.0356,0.0279,0.0117,0.0268,0.0236,0.0195,0.0237,0.0075,0.06
194711,-0.0368,-0.0461,-0.0148,-0.0179,-0.0143,-0.0069,-0.0165,-0.02,-0.0136,-0.0407,0.06
194712,0.0133,0.0317,0.039,0.0246,0.0542,0.0224,0.0241,0.0398,0.027,0.03,0.08
194801,0.0267,-0.0087,-0.0237,-0.0321,-0.0249,-0.0329,-0.0384,-0.0645,-0.0603,-0.0588,0.07
194802,-0.0306,-0.0306,-0.0448,-0.0583,-0.054,-0.0406,-0.0298,-0.0528,-0.0519,-0.0434,0.07
194803,0.1138,0.1319,0.1058,0.0891,0.0907,0.0921,0.0625,0.0917,0.0616,0.0511,0.09
194804,0.0232,0.0272,0.0381,0.0269,0.0626,0.0412,0.0252,0.0424,0.048,0.037,0.08
194805,0.086,0.1071,0.0709,0.0753,0.0786,0.0658,0.068,0.0697,0.0652,0.0654,0.08
194806,-0.005,-0.0023,0.014,-0.006,0.0109,-0.003,-0.0175,-0.0085,-0.0032,0.0036,0.09
194807,-0.0242,-0.0511,-0.0578,-0.0388,-0.0417,-0.0402,-0.0407,-0.0534,-0.0711,-0.0782,0.08
194808,0.0175,0.0026,0.0094,0.0055,-0.0165,0.0174,0.0066,0.0085,-0.0002,-0.0086,0.09
194809,-0.0337,-0.0202,-0.0404,-0.033,-0.0337,-0.0139,-0.0291,-0.0262,-0.0246,-0.0533,0.04
194810,0.0704,0.0814,0.068,0.0662,0.0806,0.0547,0.0652,0.0575,0.0361,0.0526,0.04
194811,-0.1002,-0.0755,-0.0482,-0.0761,-0.0834,-0.1057,-0.0969,-0.1024,-0.1144,-0.1319,0.04
194812,0.0201,0.0451,0.0243,0.0397,0.0336,0.0433,0.0412,0.0399,0.0188,0.0211,0.04
194901,0.0512,0.0267,0.0174,0.0281,0.033,-0.0073,0.002,0.0102,-0.0146,-0.0253,0.1
194902,-0.0466,-0.039,-0.0202,-0.0389,-0.027,-0.0218,-0.0238,-0.0142,-0.0134,-0.0382,0.09
194903,0.092,0.0441,0.063,0.0517,0.0405,0.0412,0.0356,0.0253,0.0463,0.0358,0.1
194904,-0.0213,-0.0209,-0.0163,-0.0146,-0.0143,-0.0155,-0.0142,-0.0245,-0.0256,-0.039,0.09
194905,-0.0426,-0.0436,-0.0333,-0.0444,-0.0244,-0.0244,-0.0211,-0.0262,-0.0229,-0.0387,0.1
194906,0.0025,-0.0061,0.0042,0.0026,-0.0108,0.0097,0.0091,-0.0056,0.0013,0.0091,0.1
194907,0.0808,0.0767,0.0744,0.0648,0.0537,0.044,0.0449,0.0647,0.0576,0.0518,0.09
194908,0.0329,0.0365,0.0306,0.0229,0.0268,0.0292,0.0222,0.0272,0.0158,0.0219,0.09
194909,0.0352,0.0441,0.0344,0.0113,0.0329,0.0294,0.0296,0.0364,0.0419,0.0357,0.09
194910,0.015,0.037,0.0212,0.0476,0.0336,0.0245,0.0361,0.0419,0.0299,0.0168,0.09
194911,0.0136,0.0317,0.0236,0.032,-0.0078,0.0167,-0.0054,0.0354,0.0262,0.0038,0.08
194912,0.0509,0.028,0.0641,0.0612,0.0695,0.034,0.0473,0.0579,0.0681,0.042,0.09
195001,0.0262,0.0126,0.0183,0.0086,0.0192,0.0117,0.0274,0.0192,0.0212,0.0253,0.09
195002,0.0167,0.0167,0.0138,0.0107,0.0169,0.0157,0.0239,0.0131,0.0037,0.0085,0.09
195003,-0.008,0.0129,0.0266,0.0134,0.01,0.0132,0.0241,0.0157,-0.0038,0.0008,0.1
195004,0.077,0.0481,0.0464,0.0265,0.0381,0.0264,0.0521,0.0298,0.0254,0.0732,0.09
195005,0.0454,0.0264,0.0347,0.0253,0.0448,0.0486,0.0484,0.07,0.0535,0.0129,0.1
195006,-0.0702,-0.073,-0.0569,-0.0596,-0.0543,-0.0544,-0.0567,-0.0491,-0.0672,-0.077,0.1
195007,0.0051,0.0151,0.0153,0.0045,-0.0063,0.019,0.0394,0.0006,0.0361,0.0356,0.1
195008,0.0616,0.0608,0.0703,0.0372,0.0433,0.0506,0.0497,0.0425,0.0141,0.0011,0.1
195009,0.0447,0.0597,0.0448,0.0335,0.0512,0.0589,0.0487,0.0466,0.0578,0.0355,0.1
195010,0.0041,0.0059,0.0133,0.0072,0.0039,-0.0024,-0.0066,-0.0029,-0.0166,-0.0364,0.12
195011,0.0214,0.0401,0.0334,0.0554,0.0297,0.0274,0.0289,0.0023,0.03,0.0316,0.11
195012,0.0332,0.0147,0.0373,0.0343,0.0592,0.0724,0.0692,0.0756,0.0916,0.0743,0.11
195101,0.0696,0.0613,0.0537,0.0565,0.0781,0.0603,0.0668,0.0328,0.0386,0.045,0.13
195102,0.029,0.0355,0.0259,0.0169,0.0044,0.0071,0.019,-0.0086,0.0192,-0.014,0.1
195103,-0.0181,-0.0282,-0.0192,-0.0278,-0.0328,-0.0164,0.001,-0.0204,-0.0213,-0.0371,0.11
195104,0.0597,0.0529,0.0551,0.0569,0.052,0.082,0.0291,0.0354,0.0363,0.0476,0.13
195105,-0.0115,-0.0075,-0.0111,-0.0042,-0.0214,-0.0382,-0.0265,-0.0189,-0.0323,-0.0309,0.12
195106,-0.0709,-0.0498,-0.0466,-0.0092,-0.0263,-0.024,-0.0071,-0.0102,-0.0252,-0.0389,0.12
195107,0.1297,0.1051,0.0727,0.0428,0.0613,0.0477,0.0769,0.0649,0.0568,0.1058,0.13
195108,0.0474,0.0334,0.0543,0.0348,0.0802,0.0616,0.0362,0.0369,0.0311,0.025,0.13
195109,0.0113,-0.0004,0.03,0.008,0.0281,-0.0094,-0.0072,0.012,0.0219,-0.0077,0.12
195110,0.0054,-0.0342,-0.0165,-0.0159,-0.0113,-0.0301,-0.0394,-0.0391,-0.0258,-0.0553,0.16
195111,0.0392,0.0043,0.006,0.0004,0.0076,0.0044,0.0249,0.0143,-0.0044,-0.006,0.11
195112,0.0399,0.0289,0.0603,0.0263,0.032,0.0479,0.0288,0.0205,0.0135,0.0282,0.12
195201,0.0184,0.0359,0.0326,0.032,0.0097,0.0382,0.01,0.0343,-0.0156,0.009,0.15
195202,-0.0257,-0.0272,-0.0147,-0.0104,-0.0198,-0.0191,-0.0366,-0.0313,-0.0363,-0.0213,0.12
195203,0.035,0.0551,0.0604,0.0644,0.0239,0.0297,0.0291,0.0529,0.0474,0.0414,0.11
195204,-0.0688,-0.0407,-0.0396,-0.0382,-0.034,-0.0422,-0.0434,-0.0454,-0.0463,-0.0809,0.12
195205,0.0386,0.046,0.0478,0.0342,0.033,0.0244,0.0324,0.0279,0.0179,0.0305,0.13
195206,0.0434,0.0378,0.0372,0.028,0.0387,0.0427,0.0495,0.0388,0.0357,0.0428,0.15
195207,0.0118,0.0127,0.0129,0.0184,0.0198,0.0184,0.0036,0.0133,-0.0019,-0.0015,0.15
195208,-0.0041,-0.0109,-0.0106,-0.0067,0.0035,0.0038,0.0076,-0.0139,-0.0114,-0.0206,0.15
195209,-0.0223,-0.0375,-0.0249,-0.0305,-0.0159,-0.0047,-0.0042,-0.0123,-0.005,-0.0144,0.16
195210,-0.0021,0.0026,-0.0019,0.0037,-0.0073,0.0002,-0.0091,-0.0081,-0.0194,-0.0191,0.14
195211,0.0629,0.0765,0.0727,0.0525,0.0749,0.0839,0.0421,0.0548,0.0504,0.0483,0.1
195212,0.0376,0.0649,0.0364,0.0226,0.0202,0.024,0.0453,0.0207,0.0261,0.0183,0.16
195301,0.0053,0.0103,0.0102,0.0049,0.0146,-0.0139,-0.0007,-0.0123,-0.0115,-0.0133,0.16
195302,0.0064,-0.0075,-0.0065,0.003,-0.0019,-0.0062,-0.0079,0.0138,0.02,0.006,0.14
195303,-0.0072,-0.0141,-0.0103,-0.0201,-0.0046,0.0066,-0.0226,-0.014,-0.0261,-0.0381,0.18
195304,-0.0352,-0.0175,-0.0118,-0.0272,-0.0355,-0.0193,-0.0251,-0.0388,-0.0181,-0.0493,0.16
195305,0.0182,0.0044,0.0168,0.0011,0.0082,0.013,0.0039,-0.0003,0.0132,-0.0158,0.17
195306,-0.0165,-0.0246,-0.0199,-0.02,-0.0101,-0.0202,-0.0161,-0.0192,-0.0066,-0.0324,0.18
195307,0.0227,0.0263,0.0299,0.0312,0.028,0.0181,0.0263,0.0265,0.0249,0.0273,0.15
195308,-0.0453,-0.0579,-0.0453,-0.0353,-0.0358,-0.0394,-0.0478,-0.0383,-0.0526,-0.0506,0.17
195309,0.0011,-0.0119,0.0014,0.0007,0.0003,0.0063,-0.0043,0.0183,0.0015,0.0042,0.16
195310,0.049,0.0485,0.0361,0.0432,0.0548,0.0578,0.0397,0.04,0.0487,0.0475,0.13
195311,-0.0011,0.0126,0.0401,0.0337,0.0251,0.04,0.0168,0.0405,0.0194,0.0555,0.08
195312,-0.0231,-0.0329,-0.0066,0.0013,0.0046,0.0018,0.0188,0.0078,0.0007,-0.0096,0.13
195401,0.0929,0.0767,0.0878,0.07,0.0646,0.0576,0.0376,0.0583,0.0359,0.0404,0.11
195402,0.0141,0.0151,0.0134,0.0132,0.029,0.0234,0.0138,0.0095,0.0134,0.0042,0.07
195403,0.0392,0.0221,0.0554,0.0222,0.0398,0.0265,0.0339,0.0606,0.0437,0.0483,0.08
195404,-0.0076,0.0213,0.0366,0.0251,0.0282,0.0582,0.0529,0.0238,0.0799,0.0149,0.09
195405,0.081,0.054,0.0391,0.0473,0.0367,0.0183,0.054,0.0378,0.0224,0.0027,0.05
195406,0.0833,0.0261,0.0091,-0.0018,-0.0136,0.0049,-0.008,0.0181,0.0055,0.0021,0.06
195407,0.0531,0.0502,0.0531,0.0625,0.0518,0.0782,0.0581,0.0394,0.037,0.0157,0.05
195408,-0.0292,-0.0093,-0.0224,-0.0048,-0.0129,-0.0263,-0.0447,-0.0318,-0.0446,-0.0315,0.05
195409,0.06,0.0753,0.056,0.0903,0.0478,0.0661,0.0332,0.091,0.0359,0.0491,0.09
195410,-0.0135,-0.0097,-0.0293,-0.0185,-0.0112,-0.0108,-0.025,-0.011,-0.02,-0.0129,0.07
195411,0.1001,0.1034,0.0795,0.1051,0.0917,0.0585,0.1234,0.1118,0.111,0.1129,0.06
195412,0.0683,0.0509,0.0468,0.0655,0.0573,0.0508,0.0835,0.0566,0.0415,0.0625,0.08
195501,0.0048,0.0068,0.0022,0.0214,0.0011,0.0142,-0.0007,0.0043,0.0102,-0.0039,0.08
195502,0.0331,0.0415,0.0471,0.0356,0.0406,0.0188,0.0282,0.0336,0.0177,0.0188,0.09
195503,0.0164,-0.0032,0.0156,-0.0099,-0.0003,-0.0028,-0.0076,-0.0046,0.0139,0.0162,0.1
195504,0.0133,0.0069,0.0477,0.0555,0.0313,0.0371,0.0297,0.0309,0.0268,0.0013,0.1
195505,-0.0027,0.0103,0.0256,0.0094,0.0158,0.0005,0.0164,0.0015,0.0233,-0.0035,0.14
195506,0.0387,0.0541,0.1056,0.0703,0.0732,0.0286,0.0364,0.0828,0.1011,0.0434,0.1
195507,-0.0054,-0.0054,0.0154,0.016,0.0031,0.0014,0.0031,-0.0016,0.0124,0.0588,0.1
195508,0.0228,0.0124,0.0362,0.0079,-0.0057,-0.0003,0.0065,-0.0001,0.0014,-0.0313,0.16
195509,0.0689,-0.0175,0.0067,0.0017,-0.0309,-0.0116,-0.0204,-0.0215,-0.0029,-0.0035,0.16
195510,-0.0382,-0.0036,-0.0293,-0.016,-0.021,-0.0092,-0.0211,-0.0231,-0.0229,-0.0492,0.18
195511,0.1,0.1009,0.0927,0.0741,0.0621,0.0608,0.0642,0.0525,0.0362,0.0657,0.17
195512,0.014,0.0395,0.0097,0.022,0.0226,0.0171,0.0212,-0.0125,0.0268,0.0334,0.18
195601,-0.0511,-0.0253,-0.0337,-0.0123,-0.0127,-0.0355,-0.0156,-0.037,-0.0369,-0.028,0.22
195602,0.0529,0.0539,0.0557,0.0458,0.044,0.039,0.0339,0.0262,0.0069,0.0404,0.19
195603,0.0427,0.046,0.0285,0.0792,0.0563,0.1085,0.0646,0.0621,0.0826,0.0765,0.15
195604,0.0166,-0.0115,-0.0038,-0.0011,-0.0209,-0.0009,0.0152,0.0174,0.0253,0.0128,0.19
195605,-0.0443,-0.0326,-0.0479,-0.0418,-0.0279,-0.0559,-0.0518,-0.0691,-0.055,-0.0752,0.23
195606,0.0402,0.0333,0.0472,0.0239,0.0389,0.0543,0.0247,0.0205,0.0571,0.0359,0.2
195607,0.026,0.038,0.0385,0.0471,0.0417,0.0436,0.0742,0.0575,0.052,0.0635,0.22
195608,-0.0163,-0.0262,-0.0179,-0.0315,-0.0342,-0.033,-0.0189,-0.0255,-0.0422,-0.0477,0.17
195609,-0.08,-0.059,-0.0529,-0.0505,-0.0557,-0.0411,-0.0313,-0.0246,-0.0542,-0.0403,0.18
195610,0.0075,0.0265,0.0095,0.0119,0.0055,0.0115,-0.0063,-0.0055,0.0034,0.0227,0.25
195611,0.0366,0.0139,0.0162,-0.0175,-0.0047,-0.02,0.0316,0.0051,0.01,0.0153,0.2
195612,0.0156,0.064,0.0209,0.0373,0.0401,0.0249,0.0357,0.0345,0.0446,0.0082,0.24
195701,-0.0183,-0.0007,-0.0142,-0.0259,-0.0351,-0.0166,-0.0222,-0.0546,-0.0475,-0.0633,0.27
195702,-0.0094,-0.025,-0.0251,-0.0207,-0.0214,-0.0167,-0.0191,-0.0022,-0.0237,-0.0377,0.24
195703,0.0166,0.0208,0.0323,0.0234,0.0281,0.01,0.0359,0.0172,0.0258,0.0239,0.23
195704,0.0372,0.0239,0.0548,0.0465,0.0146,0.0645,0.0526,0.0349,0.0634,0.0391,0.25
195705,0.0325,0.0313,0.0263,0.0143,0.038,0.0239,0.0538,0.0478,0.0364,0.0469,0.26
195706,-0.0049,-0.005,-0.0076,-0.0233,-0.0146,-0.0069,-0.013,0.0177,0.0071,-0.0329,0.24
195707,0.0089,-0.0015,0.0179,0.0045,0.0102,-0.0017,0.0299,0.0077,0.0163,-0.0108,0.3
195708,-0.0475,-0.0516,-0.0454,-0.0644,-0.0275,-0.039,-0.0558,-0.0498,-0.0457,-0.0481,0.25
195709,-0.0903,-0.0727,-0.0592,-0.0617,-0.0501,-0.0789,-0.0587,-0.0351,-0.0213,-0.031,0.26
195710,-0.0777,-0.0618,-0.0536,-0.0354,-0.0291,-0.0385,-0.0299,-0.0351,-0.0299,-0.0307,0.29
195711,0.0257,0.0444,0.0261,0.0404,0.0108,0.0133,-0.0037,0.034,0.0448,0.0463,0.28
195712,-0.0721,-0.0676,-0.039,-0.0351,-0.0221,-0.0134,-0.0323,-0.03,-0.0363,-0.0533,0.24
195801,0.1322,0.0876,0.0653,0.0634,0.0447,0.0423,0.0444,0.0391,0.0418,0.0328,0.28
195802,-0.0208,-0.03,-0.0091,0.0044,-0.0119,0.0047,-0.0227,-0.0266,-0.0171,-0.0365,0.12
195803,0.0549,0.0473,0.0356,0.0365,0.0281,0.0441,0.0184,0.0356,0.0234,0.0247,0.09
195804,0.0306,0.0293,0.0242,0.0238,0.0274,0.0448,0.0309,0.0469,0.0345,0.0192,0.08
195805,0.0378,0.0507,0.0335,0.0365,0.0191,0.0221,0.0215,0.0317,0.0026,0.0184,0.11
195806,0.0314,0.045,0.0502,0.0282,0.0233,0.0271,0.025,0.0193,0.0116,0.0341,0.03
195807,0.0837,0.052,0.0529,0.067,0.0521,0.0132,0.0411,0.0513,0.0304,0.0435,0.07
195808,0.0281,0.0247,0.0151,0.0241,0.0112,0.0177,0.0206,0.0257,0.0114,0.0263,0.04
195809,0.0558,0.057,0.0693,0.0449,0.0475,0.0302,0.0441,0.0611,0.0376,0.0395,0.19
195810,0.036,0.0267,0.0285,0.0076,0.0299,0.0253,0.0397,0.0362,0.0128,0.0295,0.18
195811,0.045,0.0354,0.0274,0.0345,0.0328,0.023,0.0439,0.0396,0.0165,0.0282,0.11
195812,0.0425,0.047,0.0687,0.0443,0.0835,0.0355,0.0453,0.041,0.0325,0.0247,0.22
195901,0.0102,0.0064,0.0151,0.0196,0.0145,0.0174,0.0143,-0.001,0.0114,-0.0005,0.21
195902,0.033,-0.0101,0.0116,-0.0184,0.0389,0.0243,0.0167,0.0151,0.0319,0.0113,0.19
195903,0.0223,-0.001,-0.0029,-0.0024,0.007,0.0143,0.008,-0.0044,-0.0092,-0.0025,0.22
195904,0.0332,0.0378,0.01,0.0578,0.047,0.0508,0.0341,0.0402,0.0164,0.03,0.2
195905,0.0202,0.0172,0.0042,0.0144,0.0207,0.0097,0.0037,0.0193,0.0526,-0.0036,0.22
195906,0.0099,0.0161,0.0049,0.0104,-0.0081,0.0089,-0.0182,0.0081,-0.007,-0.0081,0.25
195907,0.03,0.0164,0.0565,0.0067,0.0344,0.0601,0.0427,0.0385,0.0126,0.021,0.25
195908,-0.0505,-0.0229,-0.0128,-0.002,-0.0015,-0.0169,-0.0118,-0.017,-0.0046,-0.0312,0.19
195909,-0.0468,-0.0431,-0.0497,-0.0525,-0.0501,-0.0436,-0.0254,-0.0412,-0.0467,-0.0606,0.31
195910,0.0356,0.0304,0.0201,0.0126,0.0197,0.008,0.0109,0.0237,0.0042,0.0247,0.3
195911,0.0615,0.0013,0.0084,0.012,-0.0053,0.0176,0.0232,0.0304,0.0273,0.0531,0.26
195912,0.0354,0.0353,0.0282,0.0362,0.0341,0.0256,0.0274,0.0261,0.023,0.0107,0.34
196001,-0.0587,-0.0333,-0.0359,-0.0632,-0.0641,-0.0606,-0.054,-0.0891,-0.0992,-0.0868,0.33
196002,0.0016,0.0233,0.0069,0.0086,0.0057,0.0154,0.0005,0.0072,0.0709,-0.0024,0.29
196003,-0.0032,-0.0255,-0.0325,-0.023,-0.0085,0.0056,-0.0207,-0.0068,-0.0143,0.0019,0.35
196004,-0.0091,-0.0439,-0.0274,0.008,-0.0325,-0.0278,-0.015,-0.0128,-0.0019,0.0087,0.19
196005,0.0512,0.041,-0.0002,0.0072,0.0101,0.0243,0.0099,0.0676,0.066,0.0761,0.27
196006,0.0534,0.0425,0.0237,0.0242,0.0278,0.0101,0.0186,0.0331,0.0241,-0.0012,0.24
196007,-0.0445,-0.0259,-0.0297,-0.0271,-0.012,-0.0002,-0.0186,-0.0274,-0.0234,-0.0509,0.13
196008,0.0164,0.0183,0.0188,0.0297,0.0325,0.0274,0.0436,0.0312,0.035,0.0575,0.17
196009,-0.0703,-0.0721,-0.0683,-0.0322,-0.058,-0.0676,-0.0431,-0.0623,-0.0529,-0.0625,0.16
196010,-0.0415,-0.0348,-0.0083,-0.0009,0.0079,0.0039,-0.0071,-0.0034,-0.0014,0.0011,0.22
196011,0.0859,0.0508,0.0636,0.0473,0.0443,0.0317,0.0531,0.0435,0.0588,0.0588,0.13
196012,0.0575,0.044,0.0634,0.0331,0.0443,0.0832,0.0435,0.0335,0.0297,0.051,0.16
196101,0.0843,0.09,0.0495,0.0579,0.0674,0.073,0.0609,0.0668,0.0485,0.071,0.19
196102,0.0359,0.0514,0.0527,0.0392,0.0316,0.0398,0.0364,0.0176,0.0374,0.0271,0.14
196103,0.0318,0.0556,0.0195,0.0222,0.036,0.026,0.0159,0.0265,0.0212,0.0344,0.2
196104,0.0069,0.0226,-0.0105,0.0217,0.0006,0.014,0.0132,-0.0151,-0.0235,-0.0054,0.17
196105,0.0402,0.0673,0.0581,0.0296,0.0303,0.0321,0.0079,0.0282,-0.002,0.0188,0.18
196106,-0.0308,-0.0126,-0.0294,-0.0143,-0.0325,-0.0374,-0.0351,-0.0332,-0.0342,-0.0361,0.2
196107,0.0211,0.0288,0.0253,0.0538,0.0353,0.0391,0.0153,0.0307,0.0265,0.0189,0.18
196108,0.0339,0.0213,0.0454,0.027,0.0361,0.0416,0.0413,0.0253,0.003,0.0326,0.14
196109,-0.0595,-0.0548,-0.023,-0.0091,-0.0179,-0.0261,-0.0302,0.02,-0.0266,-0.0507,0.17
196110,-0.0039,0.0488,0.0064,0.0378,0.0215,0.0456,0.0176,0.055,0.0414,0.013,0.19
196111,0.0285,0.0382,0.0305,0.0505,0.0822,0.0484,0.0437,0.0459,0.016,0.0495,0.15
196112,0.0044,0.0082,-0.0022,-0.0117,0.0009,0.0013,0,0.0102,-0.0036,-0.0192,0.19
196201,-0.0286,-0.0296,-0.0333,-0.0425,-0.0481,-0.0436,-0.0286,-0.0484,-0.017,-0.0555,0.24
196202,0.0137,0.0153,0.0361,0.0224,0.0202,0.0181,-0.0103,0.0275,0.0048,-0.0107,0.2
196203,0.0045,0.0061,-0.005,0.0003,-0.0113,-0.0001,-0.0048,-0.0146,0.004,-0.019,0.2
196204,-0.0757,-0.0614,-0.0722,-0.0535,-0.0766,-0.0657,-0.0572,-0.0537,-0.0629,-0.0697,0.22
196205,-0.1082,-0.08,-0.0646,-0.0969,-0.0903,-0.062,-0.08,-0.0993,-0.0779,-0.1278,0.24
196206,-0.1045,-0.0842,-0.1056,-0.0982,-0.0955,-0.0871,-0.0779,-0.0738,-0.0635,-0.0728,0.2
196207,0.0874,0.0987,0.0576,0.0672,0.0589,0.0714,0.076,0.0519,0.046,0.0306,0.27
196208,0.0189,0.0233,0.0222,0.0253,0.0113,0.0423,0.0235,0.0343,0.0156,0.0178,0.23
196209,-0.0542,-0.0374,-0.0593,-0.0307,-0.0517,-0.0432,-0.0443,-0.0667,-0.0661,-0.0865,0.21
196210,-0.0426,-0.0136,-0.0185,0.0013,0.0139,0.0066,0.0033,0.0038,0.0111,0.0043,0.25
196211,0.1692,0.1477,0.1425,0.1288,0.135,0.1117,0.1001,0.1097,0.0837,0.1091,0.2
196212,0.0361,0.0308,0.0316,0.0234,0.0087,0.0029,-0.0137,-0.0101,-0.0138,-0.0504,0.23
196301,0.1033,0.0795,0.0719,0.0872,0.0581,0.0648,0.0486,0.0351,0.0474,0.0109,0.25
196302,-0.0096,-0.014,-0.0173,-0.0183,-0.0157,-0.0302,-0.0394,-0.0289,-0.0305,-0.0301,0.23
196303,0.0136,0.0424,0.0415,0.0489,0.038,0.0243,0.034,0.0142,0.0159,0.0143,0.23
196304,0.0302,0.0372,0.0463,0.0566,0.0449,0.0385,0.0461,0.0626,0.0519,0.0445,0.25
196305,0.0464,0.0298,0.0145,0.0074,0.007,0.0022,0.046,0.0205,0.0079,0.0478,0.24
196306,-0.0056,0.0064,-0.0143,-0.0198,-0.0139,-0.0367,-0.0216,-0.0182,-0.0367,-0.0228,0.23
196307,0.008,-0.0153,0.0017,-0.0169,-0.0022,0.0076,-0.0076,0.0091,-0.0062,0.0064,0.27
196308,0.0651,0.0732,0.0744,0.0595,0.0565,0.0467,0.0561,0.0449,0.0458,0.0587,0.25
196309,-0.0138,-0.0041,-0.0203,-0.0164,-0.0096,-0.0001,-0.0087,-0.025,-0.0228,-0.0227,0.27
196310,0.0303,0.0376,-0.0049,0.0215,0.0249,0.0134,0.072,0.0296,0.0277,0.0144,0.29
196311,0.0044,-0.0035,-0.004,-0.0195,-0.0139,0.0026,0.0086,0.0188,-0.0096,-0.0507,0.27
196312,-0.0004,0.0286,0.0292,0.0211,0.03,0.0128,0.0271,0.0385,0.0071,0.0206,0.29
196401,-0.0007,0.0179,0.0144,0.0393,0.0294,0.0223,0.0252,0.0345,0.0304,0.0003,0.3
196402,0.0214,0.0346,0.0239,0.0199,0.0274,0.0129,0.0119,0.013,0.0217,0.02,0.26
196403,0.0276,0.0127,0.0234,0.0057,0.0159,0.0178,0.0194,0.0378,0.0079,0.0143,0.31
196404,-0.0083,0.0068,0.0249,0.0175,0.0081,0.0004,-0.0167,-0.006,-0.0267,-0.027,0.29
196405,-0.0068,0.0087,0.0188,0.007,0.0169,0.0045,0.0153,0.0138,0.0248,0.0415,0.26
196406,0.0307,0.0241,0.0147,0.036,0.0068,0.0135,0.0017,0.0101,0.0077,0.0088,0.3
196407,0.0227,0.0359,0.0216,0.0137,0.0276,0.0441,0.0169,0.0197,0.0009,0.01,0.3
196408,-0.0236,-0.0208,-0.0144,-0.0136,-0.0122,-0.0099,-0.0135,-0.008,0.0092,-0.009,0.28
196409,0.0504,0.043,0.0347,0.0265,0.0153,0.0378,0.0425,0.0304,0.0224,0.0225,0.28
196410,0.0164,-0.0003,0.0011,0.0112,0.021,0.016,0.0134,0.0061,0.0018,-0.0026,0.29
196411,-0.012,0.0001,0.0117,-0.0111,0.0001,0.0164,0.0034,0.013,0.0177,-0.001,0.29
196412,-0.0012,-0.0029,0.0263,-0.0082,0.01,-0.0011,-0.0001,-0.0009,-0.0041,-0.0061,0.31
196501,0.0614,0.0558,0.0614,0.0325,0.048,0.0687,0.0217,0.0325,0.0258,0.027,0.28
196502,-0.0212,0.0104,0.0277,-0.0063,0.0121,0.0045,0.0072,0.0256,0.0286,0.0136,0.3
196503,-0.0252,-0.0082,0.0063,-0.0077,-0.0061,-0.0111,-0.0038,-0.0035,-0.0238,-0.0299,0.36
196504,0.0462,0.0161,0.0472,0.0268,0.0314,0.023,0.048,0.0377,0.0367,0.0269,0.31
196505,-0.0138,-0.009,-0.0094,-0.0022,0.012,0.0021,0.0046,-0.0243,-0.0163,-0.0039,0.31
196506,-0.0767,-0.0536,-0.0599,-0.0504,-0.0457,-0.0493,-0.0299,-0.0526,-0.0482,-0.0887,0.35
196507,0.0522,0.0452,0.0321,0.0247,0.0325,0.0206,0.0152,0.0058,0.0137,0.0134,0.31
196508,0.0421,0.0202,0.0163,0.0326,0.0319,0.0141,0.0338,0.0411,0.0541,0.0642,0.33
196509,0.0419,0.0345,0.0112,0.0304,0.0353,0.0462,0.0179,0.0271,0.0493,0.0262,0.31
196510,0.0342,0.0158,0.0291,0.0181,-0.0012,0.0299,0.0356,0.0443,0.0355,0.0525,0.31
196511,0.0094,-0.0121,0.0271,-0.0087,0.0122,0.0108,-0.0226,0.0042,0.027,0.0889,0.35
196512,0.0316,0.0137,0.0239,0.001,0.0065,0.0116,0.0121,0.0113,0.0196,-0.0034,0.33
196601,0.0372,0.0084,0.0007,0.015,0.0059,-0.0012,0.0143,0.0136,0.0261,0.0312,0.38
196602,-0.0076,-0.0228,-0.0163,-0.0166,-0.0276,-0.0183,0.0165,0.0222,0.0284,0.028,0.35
196603,0.0149,-0.0117,-0.0248,-0.0341,-0.0307,-0.0284,-0.0355,-0.0078,-0.0119,-0.0127,0.38
196604,0.0387,0.0219,0.0155,-0.0021,0.022,0.0272,0.0172,0.053,0.0307,0.0337,0.34
196605,-0.0424,-0.0495,-0.0468,-0.0344,-0.0359,-0.0521,-0.0672,-0.0478,-0.0739,-0.09,0.41
196606,0.0157,0.0363,-0.0099,0.0024,-0.0085,-0.0216,-0.0138,-0.008,-0.0109,-0.0311,0.38
196607,0.0025,-0.0132,0.0004,-0.0211,-0.0069,-0.0097,-0.0166,-0.0352,-0.0132,-0.0095,0.35
196608,-0.085,-0.0734,-0.0764,-0.0712,-0.0746,-0.0594,-0.0794,-0.0838,-0.0768,-0.0881,0.41
196609,-0.0147,0.0002,0.0167,-0.0078,0.0185,0.0016,-0.0132,-0.0099,-0.0183,-0.0116,0.4
196610,-0.011,0.0189,0.0392,0.0187,0.0282,0.0729,0.0478,0.024,0.0653,0.0599,0.45
196611,0.1534,0.0965,0.0796,0.0021,0.0043,0.0147,0.0452,0.0146,-0.0204,-0.0013,0.4
196612,0.008,0.0182,0.019,-0.0102,-0.0108,0.0029,0.0038,0.0064,0.0017,0.0081,0.4
196701,0.1025,0.1207,0.0874,0.0837,0.1044,0.0925,0.065,0.0638,0.0751,0.1012,0.43
196702,0.0014,0.0134,0.0358,0.0142,-0.0028,-0.0085,0.0145,-0.0032,0.0203,0.035,0.36
196703,0.067,0.057,0.0493,0.0343,0.0357,0.0278,0.0436,0.0537,0.0423,0.0553,0.39
196704,0.0607,0.0661,0.0412,0.0206,0.0271,0.0552,0.0319,0.0463,0.0468,0.0504,0.32
196705,-0.0233,-0.004,-0.0362,-0.0265,-0.0404,-0.0412,-0.0313,-0.039,-0.0548,-0.0669,0.33
196706,0.056,0.0114,0.0248,0.0217,0.0293,0.0041,0.0387,0.0371,0.0496,0.077,0.27
196707,0.0593,0.0701,0.0347,0.0387,0.0817,-0.0015,0.0527,0.0671,0.0528,0.0544,0.31
196708,-0.0088,0.0006,0.0004,-0.0128,-0.0046,-0.0042,-0.0085,-0.0214,0.0007,-0.0012,0.31
196709,0.0246,0.0285,0.043,0.0402,0.0406,0.0274,0.013,0.0363,0.0426,0.0423,0.32
196710,-0.0589,-0.0272,-0.0424,-0.0371,-0.0331,-0.0511,-0.033,-0.0086,0.0085,-0.0092,0.39
196711,0.0198,0.0002,0.0219,0.002,-0.003,0.0118,0.0002,0.0227,-0.0105,0.0172,0.36
196712,0.0457,0.06,0.0606,0.0234,0.0254,0.0419,0.0134,0.0302,0.0372,0.0468,0.33
196801,-0.0453,-0.028,0.0113,-0.0103,-0.0565,-0.0466,-0.046,-0.0446,-0.0677,-0.0458,0.4
196802,-0.0503,-0.0337,-0.0363,-0.0265,-0.0339,-0.0195,-0.0268,-0.0273,-0.0369,-0.0686,0.39
196803,0.0101,0.0312,0.0167,0.0001,0.0045,-0.0053,0.017,-0.0013,-0.0004,-0.0102,0.38
196804,0.142,0.1151,0.0686,0.0871,0.0626,0.0956,0.0918,0.0952,0.1059,0.1273,0.43
196805,0.034,0.0004,0.0306,0.0307,0.0189,0.0335,0.039,0.0219,0.0416,0.0762,0.45
196806,0.0058,0.0366,0.0279,0.0163,0.0322,-0.0062,-0.0031,-0.0052,-0.0208,0.0026,0.43
196807,-0.0388,-0.0365,-0.0344,-0.0295,-0.0089,-0.0177,-0.0141,-0.0213,0.0057,-0.0422,0.48
196808,0.0169,0.0181,0.0246,0.0255,0.0203,0.0124,0.017,0.0107,0.0121,0.0294,0.42
196809,0.0725,0.0462,0.0619,0.0419,0.0342,0.028,0.0416,0.0476,0.0577,0.0688,0.43
196810,0.0034,0.0272,-0.016,0.0268,0.0154,0.0346,0.0012,0.0019,-0.0082,-0.0203,0.44
196811,0.0851,0.0892,0.0709,0.0596,0.0679,0.0611,0.0486,0.0143,0.0488,0.0582,0.42
196812,-0.0279,-0.0221,-0.0337,-0.0271,-0.0423,-0.0345,-0.0296,-0.051,-0.0437,-0.0439,0.43
196901,0.0097,-0.0005,0.009,-0.0286,-0.0093,-0.0092,-0.0026,-0.0192,-0.0281,-0.0132,0.53
196902,-0.0657,-0.057,-0.032,-0.0606,-0.0413,-0.0407,-0.0468,-0.0574,-0.0778,-0.0936,0.46
196903,0.02,0.0329,0.0262,0.0303,0.0495,0.0241,0.0138,0.0225,0.038,0.0407,0.46
196904,0.0182,0.0193,0.0098,0.0474,0.0096,0.0098,0.0102,0.0099,0.0266,0.0267,0.53
196905,0.0041,0.0034,0.0118,0.0285,0.0195,-0.0004,0.0043,-0.0147,0.0001,-0.0097,0.48
196906,-0.1318,-0.0685,-0.0792,-0.0152,-0.0667,-0.0585,-0.0654,-0.0675,-0.0807,-0.103,0.51
196907,-0.0808,-0.0708,-0.0834,-0.082,-0.0761,-0.073,-0.066,-0.053,-0.055,-0.0534,0.53
196908,0.0813,0.0713,0.0649,0.0708,0.0574,0.0516,0.0427,0.0352,0.0363,0.0536,0.5
196909,0.0025,-0.0185,-0.0156,-0.0342,-0.0074,-0.0447,-0.0125,-0.0211,-0.0191,-0.0452,0.62
196910,0.0376,0.0367,0.0677,0.0497,0.0721,0.0793,0.0416,0.064,0.0812,0.0602,0.6
196911,-0.0389,-0.0382,-0.0231,-0.0243,-0.03,-0.0365,-0.0219,-0.0376,-0.0513,-0.049,0.52
196912,-0.0725,-0.0354,-0.0263,-0.028,-0.0195,-0.0046,-0.0149,0.0002,-0.0351,-0.0171,0.64
197001,-0.0824,-0.0645,-0.1049,-0.043,-0.0855,-0.064,-0.0808,-0.0796,-0.0776,-0.0768,0.6
197002,0.0665,0.0861,0.0618,0.058,0.0575,0.0333,0.0694,0.0508,0.0337,0.032,0.62
197003,-0.0163,0.0064,-0.0107,-0.0097,-0.0158,0.0028,-0.0056,0.0194,-0.0096,-0.0236,0.57
197004,-0.1751,-0.132,-0.1272,-0.0923,-0.0935,-0.1133,-0.0909,-0.0901,-0.0809,-0.1087,0.5
197005,-0.1112,-0.1026,-0.0888,-0.0777,-0.0731,-0.0557,-0.0874,-0.039,-0.0592,-0.0561,0.53
197006,-0.1028,-0.06,-0.033,-0.0425,-0.049,-0.0648,-0.0412,-0.0726,-0.0427,-0.035,0.58
197007,0.0906,0.0768,0.109,0.0615,0.0814,0.065,0.1042,0.0614,0.0717,0.0554,0.52
197008,0.0881,0.0502,0.0484,0.0493,0.0386,0.0586,0.0362,0.0548,0.0724,0.0387,0.53
197009,0.1239,0.0678,0.0281,0.0366,0.055,0.0456,0.0167,0.0547,0.0651,0.0836,0.54
197010,-0.0074,-0.0223,0.0136,-0.0093,-0.0185,-0.0071,-0.0306,-0.0467,-0.0701,-0.1078,0.46
197011,0.0212,0.0155,0.0698,0.0495,0.0569,0.0622,0.0558,0.0425,0.0494,0.0466,0.46
197012,0.0896,0.0901,0.0746,0.0902,0.074,0.0457,0.058,0.0529,0.0524,0.0427,0.42
197101,0.0975,0.0456,0.044,0.0445,0.052,0.039,0.0428,0.0642,0.0679,0.0739,0.38
197102,0.0376,0.0124,0.0196,0.0169,0.0236,-0.0118,0.0169,0.0187,0.0156,0.0288,0.33
197103,0.0341,0.0426,0.0352,0.0578,0.0436,0.0494,0.0365,0.0572,0.0467,0.0363,0.3
197104,0.0482,0.0419,0.0297,0.0459,0.053,0.0275,0.0216,0.0289,0.0247,0.0295,0.28
197105,-0.0378,-0.0358,-0.0314,-0.0534,-0.0212,-0.0234,-0.0216,-0.0465,-0.032,-0.0426,0.29
197106,-0.0349,0.009,-0.0085,0.0136,-0.0033,0,0.0027,0.0016,0.0257,0.0097,0.37
197107,-0.0617,-0.0499,-0.0339,-0.0502,-0.028,-0.0259,-0.0309,-0.0413,-0.061,-0.0443,0.4
197108,0.0815,0.0926,0.0873,0.0477,0.0397,0.0305,0.0422,0.0179,0.0247,0.0255,0.47
197109,0,-0.0131,-0.0032,0.001,-0.003,-0.0059,0.0082,-0.0158,-0.0159,-0.0041,0.37
197110,-0.089,-0.0477,-0.0535,-0.0475,-0.0445,-0.0339,-0.0283,-0.0359,-0.0358,-0.0503,0.37
197111,-0.0298,-0.0154,-0.0064,-0.0108,0.0014,-0.0065,0.0123,0.0002,0.0012,-0.0079,0.37
197112,0.1461,0.1311,0.1176,0.0822,0.0926,0.0988,0.0868,0.0811,0.0876,0.0747,0.37
197201,0.0405,0.0175,0.03,0.019,0.0353,0.0058,0.0228,0.0296,0.0499,0.0714,0.29
197202,0.043,0.0547,0.0103,0.0274,0.0432,0.036,0.0159,0.0313,0.0528,0.0293,0.25
197203,0.0194,0.0109,0.0262,0.0061,0.0058,0.0175,0.004,0.0165,-0.0001,-0.0073,0.27
197204,0.0016,0.0017,0.0024,0.0013,0.0085,0.0158,0.0042,0.0044,0.0089,0.0041,0.29
197205,-0.0166,0.0032,0.0059,0.0229,0.0182,0.0264,0.0236,0.0172,0.0119,0.0083,0.3
197206,-0.0204,-0.0336,-0.0448,-0.0401,-0.0365,-0.0244,-0.028,-0.0036,-0.0208,-0.0101,0.29
197207,-0.0562,-0.0232,-0.0194,-0.0078,-0.0109,-0.0125,0.0034,0.0098,0.0102,0.0054,0.31
197208,0.0283,0.0365,0.0388,0.0658,0.0577,0.06,0.0386,0.0361,0.0124,0.0038,0.29
197209,-0.031,0.0192,-0.0049,-0.0035,-0.0141,-0.008,0.0078,-0.0155,-0.0289,-0.0012,0.34
197210,-0.0213,0.0126,0.0127,0.0192,0.0149,0.0134,-0.0178,0.0336,0.0088,0.0174,0.4
197211,0.1005,0.0995,0.0508,0.0696,0.0607,0.0389,0.0411,0.0349,0.0496,0.0333,0.37
197212,0.0333,0.0382,0.021,0.0202,-0.0049,0.0186,-0.02,-0.0057,-0.0161,-0.0292,0.37
197301,-0.0559,-0.0569,-0.0628,-0.0456,-0.0549,-0.0263,-0.0079,0.0027,-0.0333,-0.0412,0.44
197302,-0.081,-0.0646,-0.0582,-0.0327,-0.0599,-0.0315,-0.0367,-0.0467,-0.0364,-0.0418,0.41
197303,-0.0296,0.0113,-0.0157,0.0061,-0.0223,-0.0024,-0.01,-0.0075,-0.0085,-0.0109,0.46
197304,-0.0992,-0.0628,-0.0426,-0.0569,-0.0589,-0.0411,-0.0523,-0.0372,-0.0564,-0.0485,0.52
197305,-0.0533,-0.0503,-0.0366,-0.0393,0.0021,-0.0172,-0.0203,-0.0215,-0.0275,-0.0269,0.51
197306,-0.0265,-0.0323,-0.0171,-0.0247,-0.0256,-0.0203,0.0032,-0.0033,-0.016,-0.0005,0.51
197307,0.2138,0.1161,0.1208,0.0774,0.0806,0.0537,0.0202,0.0203,0.0358,0.0799,0.64
197308,-0.031,-0.0349,-0.0257,-0.0318,-0.0489,-0.0089,-0.0206,-0.0378,-0.0257,-0.0407,0.7
197309,0.0994,0.0726,0.0742,0.0697,0.0218,0.0478,0.0364,0.0644,0.0671,0.0737,0.68
197310,0.0219,0.0044,-0.0123,0.004,-0.0018,-0.018,-0.0316,-0.0053,-0.0026,-0.0042,0.65
197311,-0.1941,-0.1882,-0.125,-0.1063,-0.1292,-0.1417,-0.1132,-0.0975,-0.0879,-0.1078,0.56
197312,0.0123,0.008,0.0154,-0.0029,0.0046,0.0471,0.0135,0.0067,-0.0196,0.0408,0.64
197401,0.0704,0.0783,0.0404,0.0444,0.0175,0.009,-0.0023,-0.0108,-0.0345,-0.0602,0.63
197402,-0.0002,-0.0168,0.0039,0.0159,0.0151,0.0139,0.0087,0.0017,0.0071,-0.0304,0.58
197403,0.0097,0.0007,-0.0003,-0.0205,-0.0204,-0.021,-0.0272,-0.0454,-0.0447,-0.0536,0.56
197404,-0.0595,-0.0448,-0.0712,-0.0561,-0.0514,-0.0342,-0.0336,-0.0313,-0.025,-0.0656,0.75
197405,-0.065,-0.0489,-0.0915,-0.0659,-0.0589,-0.0195,-0.0254,-0.0417,-0.017,-0.0389,0.75
197406,-0.0367,-0.013,-0.06,-0.0351,-0.0201,-0.0095,-0.0247,-0.0047,-0.0226,-0.0249,0.6
197407,-0.0523,-0.0576,-0.0758,-0.072,-0.0172,-0.1053,-0.0879,-0.0877,-0.0712,-0.0478,0.7
197408,-0.0938,-0.0868,-0.0589,-0.1119,-0.0788,-0.0886,-0.0812,-0.0959,-0.0992,-0.1005,0.6
197409,-0.0667,-0.0905,-0.077,-0.1233,-0.1304,-0.1267,-0.1141,-0.1311,-0.1018,-0.0848,0.81
197410,0.2272,0.2094,0.2231,0.1282,0.1895,0.1337,0.1356,0.1275,0.1228,0.1344,0.51
197411,-0.047,-0.0529,-0.0479,-0.0404,-0.045,-0.0494,-0.0496,-0.0427,-0.0333,-0.0138,0.54
197412,-0.068,-0.038,-0.0285,-0.0045,-0.018,-0.0377,-0.0226,-0.0236,-0.028,-0.0524,0.7
197501,0.346,0.2742,0.2187,0.2064,0.1536,0.1269,0.1348,0.1455,0.101,0.0834,0.58
197502,0.0801,0.0782,0.0717,0.0373,0.0282,0.0268,0.0502,0.0432,0.0297,0.0125,0.43
197503,0.095,0.0523,0.0389,0.0368,-0.0032,0.0529,0.0102,0.0566,0.0046,0.0385,0.41
197504,0.0564,0.0193,0.0645,0.0294,0.0604,0.0611,0.0407,0.0769,0.06,0.0396,0.44
197505,0.1258,0.1041,0.0855,0.0482,0.0481,0.0686,0.0389,0.0499,0.045,0.0324,0.44
197506,0.0866,0.0651,0.0672,0.0407,0.0405,0.0636,0.0539,0.0556,0.0364,0.0294,0.41
197507,-0.0788,-0.0678,-0.0665,-0.057,-0.059,-0.0636,-0.0488,-0.0477,-0.063,-0.0761,0.48
197508,-0.0213,-0.0274,-0.0218,-0.0222,-0.0182,-0.0189,-0.024,-0.0205,-0.0331,-0.0478,0.48
197509,-0.0477,-0.0303,-0.0597,-0.0596,-0.0388,-0.0246,-0.0279,-0.0333,-0.0443,-0.0442,0.53
197510,0.0566,0.0742,0.0803,0.0501,0.0486,0.0611,0.0616,0.0725,0.0352,0.0322,0.56
197511,0.0258,-0.012,0.0135,0.0015,0.0285,0.0226,0.0318,0.0459,0.052,0.0377,0.41
197512,0.017,0.0089,0.0121,-0.0089,-0.0101,-0.0005,-0.0355,-0.0196,-0.0311,-0.0255,0.48
197601,0.1242,0.1534,0.126,0.1474,0.1303,0.1068,0.1209,0.1079,0.125,0.1497,0.47
197602,-0.0023,-0.0166,0.0081,-0.0065,0.0113,0.0236,0.0103,0.0257,0.0433,0.1081,0.34
197603,0.0621,0.0494,0.0245,0.003,0.0215,-0.0038,0.0057,0.0027,-0.0085,0.0066,0.4
197604,-0.0108,0.0086,-0.0001,-0.018,-0.0023,0.0023,-0.0135,-0.013,-0.0294,-0.0142,0.42
197605,-0.0109,-0.0219,-0.017,-0.015,-0.0134,-0.0164,0.0128,-0.0155,-0.0093,0.0147,0.37
197606,0.0625,0.0415,0.0557,0.0373,0.0375,0.0348,0.0381,0.0516,0.0579,0.0475,0.43
197607,0.0046,-0.0136,-0.0036,0.0198,0.0061,-0.0011,-0.0129,-0.0183,-0.0147,-0.0358,0.47
197608,-0.0282,-0.0185,-0.0082,-0.0007,-0.0034,-0.01,0.0121,0.0181,0.0074,-0.005,0.42
197609,0.0294,0.0265,0.0118,0.015,0.034,0.0234,0.0354,0.0273,0.0269,0.0072,0.44
197610,-0.02,-0.0164,-0.0047,-0.0236,-0.0115,-0.0243,-0.0238,-0.0288,-0.0208,-0.0311,0.41
197611,0.0458,0.0192,0.0013,-0.0067,-0.0022,-0.014,0.0222,0.0148,0.0276,0.0188,0.4
197612,0.094,0.0789,0.0596,0.0563,0.0435,0.047,0.063,0.053,0.0463,0.056,0.4
197701,-0.0701,-0.0679,-0.0169,-0.0162,-0.0337,-0.0349,-0.0443,-0.0279,-0.0301,-0.0091,0.36
197702,-0.0139,-0.0067,-0.024,-0.0158,-0.0085,-0.0095,-0.0221,-0.0225,-0.0323,-0.0245,0.35
197703,0.0096,-0.005,-0.0052,-0.0207,-0.0078,-0.0068,-0.0218,-0.007,-0.0094,-0.0077,0.38
197704,-0.0008,0.0043,-0.006,0.0251,0.0081,-0.0108,-0.0053,0.0252,0.0133,0.02,0.38
197705,-0.0287,-0.0216,-0.0068,-0.0215,0.0052,-0.0053,-0.0023,-0.006,-0.0047,-0.0149,0.37
197706,0.0471,0.0632,0.0508,0.0541,0.0536,0.0509,0.0393,0.0586,0.0388,0.0686,0.4
197707,-0.026,-0.0196,-0.0129,0.0042,-0.0139,-0.0114,-0.0066,-0.0124,-0.0184,-0.0285,0.42
197708,-0.0108,-0.0279,-0.0111,-0.0158,-0.0116,-0.0273,-0.0019,-0.0223,-0.0124,0.0086,0.44
197709,0.0213,0.0049,-0.001,0.0029,0.022,-0.0075,-0.0057,-0.0052,-0.0034,-0.0074,0.43
197710,-0.0168,-0.0356,-0.0284,-0.0349,-0.0383,-0.0398,-0.0427,-0.0509,-0.05,-0.0404,0.49
197711,0.064,0.0681,0.0403,0.0424,0.043,0.0303,0.0423,0.0361,0.0528,0.0547,0.5
197712,0.0154,0.0147,-0.0004,0.0108,-0.001,-0.0029,0.0014,0.0048,0.0155,0.0319,0.49
197801,-0.0434,-0.0539,-0.0496,-0.0611,-0.0508,-0.0558,-0.0607,-0.0463,-0.074,-0.0608,0.49
197802,0,-0.0185,-0.0136,-0.008,-0.0114,0.0144,-0.0224,-0.0117,-0.0184,-0.004,0.46
197803,0.0543,0.008,0.0264,0.0289,0.0356,0.0442,0.0377,0.0404,0.0338,0.0631,0.53
197804,0.1217,0.0913,0.0537,0.0643,0.0784,0.0865,0.1022,0.0831,0.09,0.0653,0.54
197805,0.0391,0.0246,0.0153,0.0291,0.01,0.0438,0.0317,0.0045,0.0164,0.0456,0.51
197806,-0.0059,-0.0078,-0.0087,-0.0196,-0.0159,-0.0131,-0.0139,-0.0136,-0.004,-0.0057,0.54
197807,0.0535,0.0678,0.0588,0.0581,0.0402,0.0647,0.0602,0.0542,0.0576,0.0597,0.56
197808,0.0778,0.0531,0.0485,0.0426,0.0249,0.0352,0.0409,0.0293,0.049,0.067,0.56
197809,0.0056,0.0003,-0.0014,-0.002,0.0045,-0.0186,-0.0058,-0.0301,-0.0296,-0.0321,0.62
197810,-0.1752,-0.1438,-0.0883,-0.1166,-0.1121,-0.0984,-0.1121,-0.0805,-0.1133,-0.157,0.68
197811,0.1344,0.1199,0.0746,0.076,0.052,0.0342,0.0312,0.0164,0.0273,0.0177,0.7
197812,0.0271,0.0056,0.0004,0.0112,0.0272,0.0172,0.0104,0.0193,0.019,0.0231,0.78
197901,0.1175,0.0824,0.0848,0.0509,0.0478,0.0582,0.0261,0.0368,0.0268,0.0372,0.77
197902,-0.0331,-0.0263,-0.018,-0.0284,-0.0297,-0.0334,-0.0392,-0.0279,-0.0435,-0.0277,0.73
197903,0.0966,0.0725,0.0625,0.0663,0.0597,0.0588,0.0598,0.0428,0.0777,0.0992,0.81
197904,0.0017,-0.0148,0.0027,0.0287,0.0102,0.0074,0.0171,0.0049,0.0022,0.0151,0.8
197905,-0.0139,0.0052,-0.0075,-0.0163,-0.0169,-0.0203,-0.0144,-0.0105,-0.0199,-0.0326,0.82
197906,0.0703,0.0638,0.0591,0.0496,0.0216,0.0522,0.0305,0.0503,0.0462,0.0652,0.81
197907,0.0263,0.0023,0.0082,0.0232,0.0206,0.0208,0.0251,0.015,0.0223,-0.003,0.77
197908,0.0735,0.0586,0.0608,0.0802,0.0686,0.059,0.0562,0.0636,0.062,0.0486,0.77
197909,-0.018,-0.0111,-0.0167,0.0182,-0.0011,-0.0122,0.0143,0.0202,0.0028,-0.0008,0.83
197910,-0.1025,-0.0822,-0.0818,-0.0772,-0.0732,-0.0873,-0.0785,-0.0537,-0.0586,-0.0653,0.87
197911,0.0985,0.0874,0.054,0.0509,0.0579,0.0594,0.0649,0.0556,0.0493,0.0839,0.99
197912,0.0431,0.0403,0.0235,-0.0096,0.0144,0.0174,0.03,0.0361,0.0578,0.0739,0.95
198001,0.0462,0.0483,0.0499,0.0433,0.0606,0.0608,0.0642,0.0968,0.0977,0.0981,0.8
198002,-0.0475,-0.0269,-0.0401,-0.0404,-0.0398,-0.0312,0.0103,0.0768,0.0251,0.002,0.89
198003,-0.069,-0.0765,-0.065,-0.0803,-0.0801,-0.0906,-0.123,-0.1097,-0.1697,-0.1839,1.21
198004,0.0771,0.0616,0.0574,0.0702,0.064,0.0254,0.0294,0.0395,0.0414,0.0734,1.26
198005,0.0967,0.0619,0.0777,0.05,0.0698,0.0554,0.0531,0.0511,0.0424,0.0555,0.81
198006,0.0737,0.0477,0.0409,0.031,0.0258,0.0272,0.0264,0.043,0.0306,0.0098,0.61
198007,0.1211,0.1048,0.0658,0.0927,0.0633,0.0647,0.0482,0.0705,0.0679,0.0601,0.53
198008,0.0397,0.0267,0.022,0.023,0.0185,0.0073,0.0106,0.0265,0.0341,0.0426,0.64
198009,0.0124,0.0194,0.0162,0.0402,0.026,0.042,0.0163,0.0659,0.0453,0.0281,0.75
198010,-0.0123,0.0173,0.0005,0.0195,0.0014,0.0304,0.0361,0.0064,0.0099,0.0671,0.95
198011,0.054,0.0262,0.0609,0.0724,0.0792,0.0522,0.126,0.1341,0.195,0.1713,0.96
198012,0.0073,0.0153,0.0156,0.0091,0.0102,-0.0099,-0.0151,-0.0221,-0.059,-0.0953,1.31
198101,-0.094,-0.0638,-0.0437,-0.0223,-0.0521,-0.0353,0.0084,-0.0295,-0.0263,-0.03,1.04
198102,-0.0009,-0.0003,0.0019,0.0111,0.0468,0.0292,0.0364,0.0265,0.0226,0.027,1.07
198103,0.0801,0.0477,0.0759,0.0366,0.0406,0.0209,0.0698,0.0447,0.0404,0.0437,1.21
198104,-0.0322,0.0036,-0.0001,-0.0196,0.0044,-0.0376,-0.0055,0.0143,0.0028,0.0076,1.08
198105,-0.0255,0.0052,0.0018,0.0019,0.0037,0.0209,0.0223,0.0444,0.0323,0.0586,1.15
198106,0.0253,0.0101,0.0077,-0.005,-0.0089,-0.008,-0.0127,-0.0219,-0.0346,-0.0672,1.35
198107,-0.0072,-0.0099,-0.0142,-0.0105,0.0036,-0.0145,-0.0106,0.0046,0.0055,0.0242,1.24
198108,-0.0758,-0.0632,-0.058,-0.0616,-0.0476,-0.0583,-0.0462,-0.0532,-0.063,-0.0616,1.28
198109,-0.0857,-0.0683,-0.0548,-0.0661,-0.071,-0.0627,-0.0623,-0.0556,-0.0262,-0.0867,1.24
198110,0.1209,0.1366,0.0449,0.0633,0.0477,0.0571,0.0235,0.0359,0.0646,0.0648,1.21
198111,0.0525,0.0754,0.0576,0.0433,0.0582,0.033,0.0214,0.0396,0.0358,0.0276,1.07
198112,-0.0233,-0.0057,-0.0145,-0.0308,-0.0091,-0.0447,-0.0302,-0.0279,-0.0334,-0.0525,0.87
198201,-0.0535,-0.0354,-0.0321,-0.035,-0.0119,-0.021,-0.018,-0.0065,0.0028,-0.0491,0.8
198202,-0.0951,-0.0857,-0.071,-0.0531,-0.0627,-0.0336,-0.0219,-0.0385,-0.0237,-0.0258,0.92
198203,-0.0322,-0.0219,-0.0118,0.0013,-0.0205,-0.0082,-0.0012,-0.0023,0.0055,0.0028,0.98
198204,0.0443,0.0721,0.0571,0.0503,0.0604,0.0363,0.0199,0.0359,0.0478,0.0353,1.13
198205,-0.0539,-0.0075,-0.0101,-0.0249,-0.0295,-0.0364,-0.0314,-0.0385,-0.0249,-0.0499,1.06
198206,-0.0366,-0.0257,-0.0268,-0.0179,0.0004,-0.0162,-0.016,-0.02,-0.0117,-0.055,0.96
198207,-0.0554,-0.0397,-0.0487,-0.0292,-0.0221,0.0017,-0.0089,-0.0134,-0.0142,-0.015,1.05
198208,0.1195,0.1253,0.1187,0.1259,0.1313,0.1296,0.1103,0.1159,0.1114,0.1041,0.76
198209,0.0337,0.0555,0.0461,0.0347,0.0235,0.0109,0.018,0.0094,-0.0053,-0.0178,0.51
198210,0.17,0.1492,0.1383,0.1045,0.113,0.1074,0.0966,0.1148,0.1194,0.1171,0.59
198211,0.0381,0.0125,0.0234,0.054,0.041,0.0685,0.0528,0.0792,0.0699,0.124,0.63
198212,0.0642,0.0244,0.0175,0.012,0.0086,0.016,0.0203,-0.0087,-0.0116,-0.0329,0.67
198301,0.086,0.0435,0.0508,0.0821,0.0581,0.0373,0.0266,0.013,0.0238,0.0237,0.69
198302,0.0663,0.0355,0.0456,0.0153,0.0377,0.047,0.0265,0.0358,0.0098,0.0091,0.62
198303,0.0473,0.0175,0.046,0.0447,0.0249,0.0238,0.0361,0.0537,0.0138,0.0316,0.63
198304,0.0802,0.0608,0.0632,0.0732,0.0841,0.0825,0.0632,0.0666,0.0871,0.0747,0.71
198305,0.0479,0.0415,0.0321,0.0131,-0.0028,0.0077,0.004,0.0213,-0.0057,0.0141,0.69
198306,0.0531,0.0452,0.0217,0.0181,0.0253,0.0361,0.0358,0.0399,0.0404,0.0455,0.67
198307,-0.0332,-0.011,-0.0297,-0.0074,-0.0278,-0.05,-0.0452,-0.0252,-0.0471,-0.0556,0.74
198308,-0.0224,0.0026,0.0086,-0.0003,0.018,0.0043,0.0068,-0.0131,0.014,-0.0164,0.76
198309,0.023,0.0291,0.0376,0.038,0.0341,0.034,0.0215,0.0187,-0.0068,-0.0227,0.76
198310,-0.0616,-0.0542,-0.0194,-0.0463,-0.0072,-0.0126,-0.0032,-0.0054,-0.0258,-0.048,0.76
198311,0.0794,0.0785,0.0544,0.0314,0.0339,0.0359,-0.0005,0.0322,0.0029,0.0107,0.7
198312,0.0094,-0.0075,-0.0089,-0.0009,-0.0199,-0.0273,-0.0073,-0.0078,-0.0181,-0.039,0.73
198401,-0.0315,0.0068,-0.02,-0.0303,0.0158,-0.0052,-0.0162,-0.0065,-0.035,0.014,0.76
198402,-0.0483,-0.0607,-0.0428,-0.0646,-0.0494,-0.0544,-0.0408,-0.037,-0.0255,0.0082,0.71
198403,0.0122,0.0424,0.0413,0.0095,0.0121,0.0247,0.0048,0.0059,0.0105,-0.0049,0.73
198404,-0.0092,0.0132,0.0189,0.0071,0.0201,0.0025,-0.0074,0.0057,-0.019,-0.0138,0.81
198405,-0.0464,-0.0516,-0.0369,-0.0598,-0.0513,-0.0385,-0.0621,-0.0357,-0.0608,-0.076,0.78
198406,0.0341,0.0161,0.0497,0.0084,0.0215,0.0218,0.0244,0.0262,0.0261,0.0411,0.75
198407,-0.0767,-0.055,-0.0047,-0.0135,-0.0183,-0.0017,0.0054,-0.0252,-0.0134,-0.0225,0.82
198408,0.1757,0.1579,0.1602,0.1247,0.1113,0.1167,0.0894,0.0964,0.0933,0.0741,0.83
198409,0.0146,0.0233,0.0185,0.0084,-0.0037,0.0028,-0.0027,-0.0182,-0.0205,-0.0312,0.86
198410,-0.0249,0.0076,0.0029,0.0043,0.0043,0.0076,0.0008,-0.0036,0.0181,-0.0087,1
198411,-0.0209,-0.0122,-0.0098,-0.0126,-0.0093,-0.0108,-0.0041,-0.0055,-0.0081,-0.0224,0.73
198412,0.0388,0.0321,0.0265,0.0173,0.0223,0.027,0.031,0.0208,0.0249,0.0172,0.64
198501,0.1423,0.1206,0.087,0.0785,0.0855,0.0835,0.0668,0.0829,0.0881,0.0764,0.65
198502,0.0451,0.0229,0.0367,0.0134,0.0074,0.0137,0.0083,0.015,0.0064,0.0046,0.58
198503,-0.0235,-0.0079,-0.0182,-0.0228,0.0047,0.0053,0.017,0.003,0.0106,0.0004,0.62
198504,-0.0451,-0.0243,-0.0097,-0.0049,0.0034,0.0097,0.0089,0.0092,0.0064,-0.0163,0.72
198505,0.035,0.0599,0.06,0.072,0.072,0.0501,0.0598,0.0607,0.0534,0.0467,0.66
198506,0.0073,0.0217,0.0214,0.0006,0.0291,0.0206,0.0194,0.0239,0.0274,0.0092,0.55
198507,0.0335,0.0249,0.0235,0.0053,-0.0059,-0.0007,-0.0135,-0.0246,-0.0195,-0.0103,0.62
198508,0.0069,0.0086,0.0018,0.0035,0.0007,-0.0123,-0.0124,-0.0252,-0.0127,-0.0139,0.55
198509,-0.07,-0.0482,-0.0521,-0.0334,-0.0327,-0.0489,-0.0303,-0.0435,-0.0191,-0.044,0.6
198510,0.0416,0.0383,0.0432,0.0668,0.0483,0.0515,0.0454,0.0387,0.0562,0.0361,0.65
198511,0.0771,0.0959,0.0923,0.0802,0.0841,0.0745,0.0578,0.0561,0.0554,0.0563,0.61
198512,0.0202,0.018,0.0493,0.046,0.0445,0.0606,0.0714,0.0396,0.0473,0.0202,0.65
198601,-0.0119,0.0057,0.0298,0.0191,0.0134,0.0279,0.004,0.0205,0.0012,0.0059,0.56
198602,0.0387,0.0609,0.088,0.0611,0.0889,0.0861,0.0847,0.0851,0.0827,0.0725,0.53
198603,0.035,0.0462,0.0449,0.0669,0.0631,0.0558,0.0513,0.0667,0.0585,0.0455,0.6
198604,0.0281,0.0005,0.0162,-0.0122,-0.0372,-0.0155,-0.0058,-0.02,-0.0055,-0.0238,0.52
198605,0.0522,0.0498,0.0484,0.0549,0.0467,0.0662,0.069,0.039,0.0485,0.038,0.49
198606,-0.0144,0,-0.0061,0.0019,0.0118,0.0295,0.0266,0.0259,0.0202,0.0295,0.52
198607,-0.1136,-0.0826,-0.0656,-0.0819,-0.0769,-0.0527,-0.0378,-0.0477,-0.0395,-0.0575,0.52
198608,0.0871,0.065,0.0597,0.0654,0.0634,0.0481,0.0644,0.0823,0.0616,0.0669,0.46
198609,-0.0762,-0.0903,-0.0783,-0.0876,-0.095,-0.0813,-0.086,-0.0971,-0.0759,-0.0337,0.45
198610,0.0818,0.0664,0.0685,0.0607,0.0498,0.0587,0.0028,0.0334,0.0457,0.0202,0.46
198611,0.0194,0.0081,-0.0018,0.0294,0.0229,0.0308,0.0216,0.0054,0.0166,-0.0145,0.39
198612,-0.0249,-0.0274,-0.0244,-0.0253,-0.0222,-0.0236,-0.0284,-0.0403,-0.0322,-0.0189,0.49
198701,0.1129,0.1406,0.113,0.1215,0.1497,0.1282,0.1385,0.133,0.125,0.0974,0.42
198702,0.0395,0.0535,0.0602,0.0513,0.0274,0.049,0.0534,0.0389,0.0536,0.059,0.43
198703,0.0338,0.0137,0.043,0.0392,0.0291,0.0192,0.0202,0.005,-0.0018,0.0022,0.47
198704,-0.028,-0.0248,-0.0388,-0.0243,-0.0267,-0.0292,0.0063,0.0048,-0.0069,-0.0115,0.44
198705,-0.0023,0.0109,-0.0035,-0.0058,0.0036,0.012,0.0034,0.0149,0.0073,-0.007,0.38
198706,0.0239,0.0543,0.0436,0.0422,0.0507,0.0448,0.0501,0.0578,0.0521,0.0068,0.48
198707,0.0283,0.0691,0.0394,0.0357,0.0389,0.0351,0.0477,0.0444,0.0415,0.06,0.46
198708,0.0543,0.0462,0.0549,0.0483,0.0512,0.0305,0.0353,0.0462,0.0122,-0.0043,0.47
198709,-0.0003,-0.0205,-0.0335,-0.019,-0.0185,-0.0304,-0.0385,-0.0162,-0.0149,0.005,0.45
198710,-0.2934,-0.2317,-0.2406,-0.2104,-0.2164,-0.1805,-0.2184,-0.1975,-0.2685,-0.2712,0.6
198711,-0.0501,-0.0606,-0.0824,-0.052,-0.055,-0.052,-0.0939,-0.0912,-0.0863,-0.0525,0.35
198712,0.1107,0.1067,0.0896,0.061,0.0538,0.0721,0.0602,0.0571,0.0717,0.0454,0.39
198801,0.0815,0.0697,0.0889,0.0908,0.0506,0.0461,0.0287,0.0182,0.0144,-0.0352,0.29
198802,0.0873,0.0723,0.0781,0.0553,0.0679,0.056,0.0242,0.0177,0.0269,0.0586,0.46
198803,-0.0179,-0.0286,-0.0348,-0.0086,-0.0274,-0.025,-0.0204,-0.0007,0.002,0.0209,0.44
198804,0.0117,0.0104,0.01,-0.002,0.0242,0.0115,0.0025,0.0106,0.0109,0.0079,0.46
198805,-0.0069,0.0011,0.0079,0.0141,0.0078,-0.0101,0.0178,-0.011,0.0028,-0.0049,0.51
198806,0.085,0.0635,0.0642,0.0498,0.0528,0.0667,0.0557,0.0363,0.0426,0.0514,0.49
198807,0.0244,0.0112,0.0142,-0.0072,-0.0096,-0.0087,-0.0163,-0.0319,-0.0285,-0.0342,0.51
198808,-0.053,-0.0475,-0.0295,-0.0326,-0.0362,-0.024,-0.0169,-0.0141,-0.0142,-0.0251,0.59
198809,0.0269,0.0411,0.0374,0.0465,0.0577,0.0373,0.0309,0.0277,0.0459,0.0325,0.62
198810,-0.0059,0.0065,0.0044,0.0154,0.0047,0.0299,0.0356,0.0321,0.0064,0.0015,0.61
198811,-0.0418,-0.0123,-0.0304,-0.0113,-0.0231,-0.0085,-0.0133,-0.0194,-0.025,-0.0076,0.57
198812,0.06,0.0405,0.0292,0.0165,0.0266,0.0231,0.0175,0.0139,0.0202,0.0124,0.63
198901,0.0832,0.0764,0.0671,0.0645,0.0598,0.0698,0.0677,0.0601,0.0626,0.0539,0.55
198902,0.0098,-0.0054,-0.005,-0.009,-0.0139,-0.0184,-0.0254,-0.0243,-0.0174,-0.0086,0.61
198903,0.0194,-0.0063,0.0275,0.0328,0.0411,0.0222,0.0312,0.0303,0.0243,0.0097,0.67
198904,0.0391,0.0381,0.0504,0.0366,0.0492,0.0633,0.0625,0.0503,0.052,0.047,0.67
198905,0.008,0.0246,0.0247,0.0423,0.0378,0.0319,0.0459,0.0495,0.0543,0.052,0.79
198906,0.0075,-0.0026,0.0037,0.0047,-0.0118,0.0026,0.0034,-0.0101,-0.0246,-0.033,0.71
198907,0.0418,0.0798,0.1029,0.0715,0.1065,0.0874,0.0671,0.0768,0.0606,0.052,0.7
198908,0.0289,0.0367,0.0424,0.0291,0.0244,0.0223,0.0402,0.0096,0.012,0.0071,0.74
198909,0.007,0.0095,0.0082,0.005,0.0079,-0.0042,0.0011,-0.0142,-0.0162,-0.0174,0.65
198910,-0.0875,-0.0684,-0.0476,-0.0497,-0.0241,-0.0205,-0.01,-0.0056,-0.0219,-0.024,0.68
198911,-0.0115,-0.0162,0.0204,-0.0017,0.0125,0.0071,0.0292,0.033,0.025,0.0187,0.69
198912,0.0137,-0.007,-0.0166,0.0111,0.0144,0.0258,0.0357,0.0286,0.0131,0.0317,0.61
199001,-0.1016,-0.0947,-0.0477,-0.064,-0.0773,-0.0707,-0.0687,-0.0734,-0.0721,-0.0899,0.57
199002,0.0536,0.0235,0.0006,0.0112,0.0156,0.0178,0.009,0.0117,0.0238,0.039,0.57
199003,0.029,0.0317,0.0291,0.0338,0.0149,0.0285,0.0063,0.0158,0.0369,0.0322,0.64
199004,-0.0553,-0.043,-0.037,-0.0309,-0.0263,-0.0226,-0.0212,-0.0048,-0.0342,-0.0277,0.69
199005,0.0925,0.0902,0.0888,0.0792,0.091,0.092,0.0796,0.085,0.1203,0.0821,0.68
199006,-0.0073,0.0014,0.0059,-0.0246,-0.0088,-0.0124,-0.0063,0.0101,0.0023,-0.0032,0.63
199007,-0.0898,-0.0223,-0.0169,0.0137,-0.0147,0.004,-0.0204,-0.0082,-0.0191,-0.0112,0.68
199008,-0.1332,-0.1197,-0.125,-0.1049,-0.1116,-0.104,-0.0951,-0.0898,-0.0757,-0.0415,0.66
199009,-0.1344,-0.0915,-0.096,-0.0807,-0.0776,-0.0585,-0.0352,-0.0414,-0.0326,-0.0149,0.6
199010,-0.0782,-0.0554,-0.0355,-0.0353,-0.0321,0.0031,-0.0082,-0.01,0.0173,0.0051,0.68
199011,0.1487,0.1431,0.1009,0.0579,0.0693,0.0795,0.0776,0.0638,0.0528,0.0352,0.57
199012,0.0011,0.0066,0.0111,0.0307,0.0375,0.0279,0.0303,0.04,0.0696,0.0361,0.6
199101,0.062,0.0367,0.0445,0.0503,0.0305,0.0317,0.0755,0.0742,0.077,0.0841,0.52
199102,0.0768,0.0749,0.0653,0.087,0.0798,0.0925,0.0713,0.0531,0.0911,0.0888,0.48
199103,0.0475,0.0154,0.0135,0.0282,0.0444,0.0234,0.0397,0.0361,0.0403,0.0279,0.44
199104,-0.0327,0.0211,0.0187,0.0113,0.0092,-0.0035,0.0037,0.0055,-0.0103,-0.0249,0.53
199105,0.0297,0.0492,0.0508,0.0343,0.029,0.0389,0.0366,0.0361,0.0544,0.0695,0.47
199106,-0.0499,-0.0413,-0.019,-0.037,-0.0577,-0.0532,-0.042,-0.0537,-0.0589,-0.0657,0.42
199107,0.0626,0.0688,0.0462,0.0528,0.0463,0.0499,0.0378,0.0456,0.0288,0.0481,0.49
199108,0.0257,0.004,0.0182,0.0262,0.0126,0.0166,0.0323,0.0357,0.0411,0.0541,0.46
199109,-0.0195,-0.0173,-0.0152,0.0082,-0.0128,-0.0089,-0.0214,-0.0082,-0.0184,-0.0103,0.46
199110,0.0175,0.0157,0.0067,0.0156,0.003,0.0228,0.0259,0.0241,0.0078,0.066,0.42
199111,-0.055,-0.0368,-0.0495,-0.0365,-0.0346,-0.0286,-0.0476,-0.018,-0.0433,-0.0608,0.39
199112,0.1179,0.1089,0.1015,0.1291,0.0928,0.1177,0.1025,0.1008,0.1221,0.1203,0.38
199201,0.0728,0.0539,0.0521,-0.0138,0.0041,0.0081,-0.0178,0.0013,-0.024,-0.0297,0.34
199202,0.0055,-0.0057,0.003,0.0081,0.0209,0.0273,0.0332,0.0291,0.0506,0.0503,0.28
199203,-0.0469,-0.0232,-0.0239,-0.015,-0.0182,-0.0245,-0.0311,-0.0185,-0.0257,-0.0188,0.34
199204,-0.0502,-0.0118,-0.0071,0.0323,0.0219,0.0112,0.0268,0.025,0.0327,-0.0003,0.32
199205,-0.0011,0.0122,0.0129,0.016,0.0023,-0.0003,0.0081,0.0078,0.0028,0.0012,0.28
199206,-0.056,-0.0164,-0.0089,-0.0127,-0.0251,-0.0055,-0.0215,-0.0161,-0.0451,-0.0312,0.32
199207,0.0476,0.0431,0.0543,0.0525,0.0588,0.0397,0.0459,0.0321,0.0373,0.0037,0.31
199208,-0.0234,-0.0562,-0.0312,-0.028,-0.0164,-0.0019,-0.0301,-0.005,-0.0192,-0.0303,0.26
199209,-0.0229,0.0236,0.0148,0.0021,0.0255,0.017,0.0097,0.0159,0.0256,0.0139,0.26
199210,0.0504,-0.0072,0.0244,0.0017,-0.0062,0.0174,0.0032,0.0205,0.0168,0.0516,0.23
199211,0.0465,0.0501,0.0345,0.033,0.021,0.0499,0.041,0.0442,0.0658,0.078,0.23
199212,0.018,0.0346,0.0273,0.0202,-0.0075,0.0047,0.031,0.0206,0.0283,0.0196,0.28
199301,0.0075,0.0173,-0.021,0.0121,0.0181,0.0151,0.023,0.0049,0.0181,0.0392,0.23
199302,-0.0423,0.0003,-0.0045,0.0251,0.0187,0.0203,0.0107,-0.0075,-0.0066,0.0035,0.22
199303,0.0266,0.0122,0.0166,0.0391,0.0264,0.0301,0.0254,0.0196,0.0238,0.0395,0.25
199304,-0.0176,-0.0761,-0.0505,-0.0222,-0.0221,-0.0126,-0.0102,-0.0258,-0.0229,-0.0242,0.24
199305,0.0577,0.0293,0.0555,0.0239,0.0286,0.0349,0.007,0.0186,0.0271,0.0335,0.22
199306,0.0139,0.0264,0.0254,0.0184,0.0046,-0.0046,-0.0035,-0.0187,0.0004,0.0084,0.25
199307,-0.0168,-0.0355,-0.025,-0.0163,0.008,0.0141,0.0076,0.0048,0.0079,0.0231,0.24
199308,0.049,0.0414,0.0515,0.0353,0.0326,0.0344,0.0312,0.0363,0.0382,0.0577,0.25
199309,0.0206,0.0097,0.0027,0.0011,-0.0053,-0.0027,0.0002,0.0003,-0.0078,0.0155,0.26
199310,0.0659,0.006,0.0415,0.018,0.0146,-0.0056,0.0151,0.0059,-0.0004,0.0164,0.22
199311,-0.0176,-0.0243,-0.034,-0.0383,-0.0309,-0.0077,-0.017,0.0053,0.0087,-0.0082,0.25
199312,0.037,0.0267,0.0284,0.0117,0.0179,0.0256,0.0273,0.0129,-0.0009,0.0203,0.23
199401,0.0389,0.0354,0.0379,0.0265,0.0484,0.0253,0.0148,0.0299,0.0237,0.0267,0.25
199402,-0.0059,-0.0303,-0.0238,-0.0195,-0.0212,-0.0391,-0.023,-0.0263,-0.0228,-0.0233,0.21
199403,-0.0654,-0.0443,-0.0315,-0.0433,-0.0455,-0.0399,-0.0529,-0.0339,-0.0546,-0.0583,0.27
199404,-0.011,-0.0007,0.0123,0.02,0.0087,0.0186,0.0066,-0.0018,0.0181,-0.0029,0.27
199405,-0.0005,0.0145,0.0128,0.0079,0.015,0.0082,-0.0074,0.0064,0.0185,0.0041,0.31
199406,-0.05,-0.0029,-0.0309,-0.0174,-0.0277,-0.0187,-0.0219,-0.0311,-0.0379,-0.0318,0.31
199407,0.042,0.0357,0.0334,0.0497,0.0371,0.0178,0.0239,0.0326,0.0183,0.0156,0.28
199408,0.0818,0.0471,0.052,0.0524,0.0311,0.0397,0.0414,0.0395,0.0412,0.0374,0.37
199409,-0.0192,-0.0229,-0.0257,-0.0272,-0.037,-0.0164,-0.0132,-0.009,-0.0173,-0.0003,0.37
199410,0.0174,0.0146,0.015,0.0336,0.0217,0.0154,0.0254,0.0137,-0.0016,0.014,0.38
199411,-0.0471,-0.0618,-0.0472,-0.0432,-0.0293,-0.0326,-0.0384,-0.0288,-0.0313,-0.0366,0.37
199412,0.013,0.0186,0.0118,0.0205,0.0231,0.0149,0.0195,-0.0009,0.014,-0.0016,0.44
199501,0.0249,0.0396,0.0341,0.0506,0.0302,0.02,0.0147,0.0127,-0.0137,-0.0205,0.42
199502,0.0482,0.0554,0.0534,0.0552,0.066,0.0445,0.0361,0.0236,0.0279,0.0137,0.4
199503,0.0255,0.009,0.0161,0.0269,0.028,0.0464,0.0297,0.0188,0.0152,0.0416,0.46
199504,0.0091,0.0397,0.0224,0.0352,0.0147,0.0174,0.0196,0.0378,0.0161,0.0415,0.44
199505,0.0326,0.0382,0.0291,0.027,0.0426,0.0427,0.0335,0.0328,0.0327,0.0271,0.54
199506,0.0715,0.0506,0.0524,0.0429,0.0296,0.0183,0.0273,0.0171,0.0331,0.0302,0.47
199507,0.0504,0.0292,0.0333,0.034,0.018,0.04,0.0394,0.0398,0.0618,0.0898,0.45
199508,0.0143,0.0188,0.0202,0.0089,0.0031,0.0096,0.0044,0.0121,0.0089,0.0054,0.47
199509,0.01,0.0151,0.0574,0.0404,0.0434,0.0325,0.0481,0.0384,0.0588,0.0241,0.43
199510,-0.0419,-0.0258,0.0121,-0.0217,-0.0334,-0.0244,0.0106,-0.0059,-0.0001,-0.0061,0.47
199511,0.0511,0.0397,0.0553,0.0571,0.0618,0.0335,0.0507,0.0416,0.0437,0.024,0.42
199512,-0.0338,0.0102,0.0242,0.0403,0.026,0.029,0.0161,0.0024,0.0158,0.0046,0.49
199601,0.0226,0.0434,0.0291,0.0353,0.0324,0.0221,0.0178,0.0308,0.0074,0.0023,0.43
199602,0.0503,0.035,0.0259,0.0243,0.0099,0.0253,0.0001,0.0071,0.0102,0.0242,0.39
199603,0.01,-0.0073,0.0188,0.0213,0.0082,0.0131,0.0263,0.0139,0.0027,0.0002,0.39
199604,0.0654,0.0264,0.0332,0.0111,0.0035,0.013,0.0167,0.0122,0.0289,0.0709,0.46
199605,0.0364,0.0225,0.0174,0.0317,0.0261,0.0279,0.0141,0.0169,0.0304,0.0625,0.42
199606,-0.0633,-0.0122,0.0012,-0.0048,-0.001,0.0046,0.0061,0.0045,-0.0033,-0.0671,0.4
199607,-0.1233,-0.0778,-0.0589,-0.0613,-0.0373,-0.0461,-0.0325,-0.0471,-0.0563,-0.0749,0.45
199608,0.0863,0.0486,0.0261,0.0356,0.0223,0.033,0.0294,0.0215,0.018,0.0357,0.41
199609,0.0424,0.0559,0.0592,0.0689,0.054,0.0525,0.0639,0.0428,0.0368,0.0534,0.44
199610,-0.0383,-0.0031,0.0154,-0.0036,0.0284,0.0187,0.0254,0.0219,0.0222,-0.0085,0.42
199611,0.0588,0.093,0.0621,0.0668,0.0418,0.0597,0.086,0.0639,0.0664,0.0663,0.41
199612,-0.0017,0.0017,-0.0025,-0.0047,-0.0044,-0.0173,-0.0176,-0.0339,-0.0026,-0.0152,0.46
199701,0.0582,0.0674,0.0672,0.0346,0.0536,0.0364,0.0659,0.0732,0.0285,-0.007,0.45
199702,-0.0431,0.0014,0.0152,0.0176,0.0061,0.0174,0.0216,0.0037,-0.0117,-0.0392,0.39
199703,-0.0452,-0.0457,-0.0283,-0.0208,-0.0388,-0.0511,-0.0486,-0.058,-0.0505,-0.07,0.43
199704,0.0215,0.0472,0.0823,0.071,0.0536,0.0562,0.0107,0.0127,0.0192,0.0114,0.43
199705,0.1491,0.1257,0.0764,0.0588,0.0684,0.0662,0.0671,0.0598,0.0762,0.0568,0.49
199706,0.0281,0.0477,0.0511,0.0482,0.0625,0.0453,0.0454,0.0434,0.043,0.0203,0.37
199707,0.1475,0.087,0.0723,0.0855,0.0844,0.0828,0.0567,0.0714,0.0638,0.0323,0.43
199708,0.0082,-0.0224,-0.0367,-0.0637,-0.033,-0.0306,-0.0564,-0.0452,-0.0427,-0.0092,0.41
199709,0.0651,0.0597,0.057,0.0463,0.0488,0.0588,0.0568,0.0531,0.0533,0.0667,0.44
199710,-0.0575,-0.0419,-0.0599,-0.0407,-0.027,-0.0305,-0.009,-0.0253,-0.0152,-0.0672,0.42
199711,-0.0126,0.0217,0.0397,0.055,0.0316,0.0371,0.0449,0.0454,0.0386,0.0276,0.39
199712,-0.0406,-0.0242,0.0258,0.014,0.0008,0.025,0.0438,0.0297,0.0312,0.0161,0.48
199801,0.0425,0.0617,0.0112,0.0141,0.0152,0.0092,-0.0215,-0.0138,0.0031,-0.043,0.43
199802,0.0957,0.0826,0.077,0.0776,0.0704,0.096,0.0739,0.0491,0.0574,0.0896,0.39
199803,0.0891,0.0624,0.0685,0.054,0.0384,0.0554,0.0317,0.0501,0.0531,0.0418,0.39
199804,0.0399,0.0236,0.0233,0.0013,0.0241,0.0046,0.0101,-0.0052,0.0074,0.0114,0.43
199805,-0.039,-0.0223,-0.0289,0.0002,-0.0014,-0.0326,-0.021,-0.036,-0.0223,-0.0701,0.4
199806,-0.002,0.0289,0.0085,0.0841,0.0024,0.0435,0.0223,0.0176,0.0639,0.0439,0.41
199807,-0.0975,-0.0758,-0.028,-0.0664,-0.0189,-0.0212,-0.0035,0.0052,-0.0192,-0.0126,0.4
199808,-0.2538,-0.1833,-0.1616,-0.1448,-0.1264,-0.166,-0.1357,-0.1243,-0.1613,-0.1815,0.43
199809,0.0665,0.0152,0.0693,0.0509,0.0564,0.1075,0.0981,0.0662,0.0434,0.0661,0.46
199810,0.2043,0.1456,0.1516,0.1014,0.0561,0.0718,0.0473,0.0486,0.0466,0.0406,0.32
199811,0.0885,0.0553,0.0715,0.046,0.078,0.0612,0.0585,0.0725,0.0556,0.0551,0.31
199812,0.0383,0.0713,0.0482,0.0697,0.071,0.0237,0.0734,0.0635,0.065,0.1319,0.38
199901,0.025,0.0307,-0.0245,0.0097,-0.0126,0.0071,-0.0032,0.0366,0.0641,0.1249,0.35
199902,-0.0367,-0.0359,0.0012,-0.0142,-0.0322,-0.0247,-0.0102,-0.0163,-0.027,-0.0914,0.35
199903,-0.0029,0.0659,0.0559,0.0337,0.0412,0.0265,0.0223,0.0605,0.0308,0.0395,0.43
199904,0.063,0.061,0.0774,0.1084,0.0264,0.0574,0.0567,0.037,0.03,0.0248,0.37
199905,-0.009,-0.0087,-0.0372,-0.0332,-0.0211,-0.0144,-0.0095,-0.0041,-0.0349,-0.0842,0.34
199906,0.0626,0.0731,0.0845,0.0404,0.0267,0.0462,-0.0005,0.0221,0.0643,0.0541,0.4
199907,-0.0568,-0.0342,0.0099,-0.0411,-0.0442,-0.0282,-0.0392,-0.0125,-0.0569,-0.0262,0.38
199908,-0.0433,-0.0228,-0.0102,0.0004,-0.0063,-0.0484,-0.0052,-0.0218,-0.0134,0.0834,0.39
199909,-0.0332,0.0061,-0.0289,-0.0422,-0.0203,-0.0065,-0.0321,-0.0501,0.0049,-0.0355,0.39
199910,0.0927,0.0322,0.055,0.0665,0.0812,0.0261,0.0806,0.0557,0.0797,0.0943,0.39
199911,0.0749,0.0985,0.0591,0.0527,0.0488,0.049,0.0254,0.0645,-0.0029,0.0338,0.36
199912,0.0261,-0.0042,-0.0228,0.0562,0.0744,0.0411,0.0234,0.0976,0.082,0.2445,0.44
200001,0.023,-0.0059,-0.0386,-0.0499,-0.0332,-0.0402,-0.0341,-0.0031,-0.0791,-0.0712,0.41
200002,0.0331,-0.0178,-0.0054,0.0289,-0.0393,-0.0197,-0.0296,0.0106,0.1307,0.1462,0.43
200003,0.1169,0.1225,0.088,0.1215,0.0968,0.0694,0.1047,0.0981,0.0802,-0.0602,0.47
200004,-0.1731,-0.06,-0.0346,-0.0171,-0.0136,-0.0015,-0.0337,-0.0958,-0.0352,-0.0806,0.46
200005,-0.1526,-0.0869,-0.0151,-0.0098,0.0054,-0.0291,0.0203,0.0128,-0.0216,-0.0132,0.5
200006,0.1574,0.115,0.1225,0.0135,0.0417,0.019,-0.0127,0.0163,-0.0243,-0.011,0.4
200007,0.0084,0.0276,0.0057,0.0127,0.0349,-0.0269,-0.0304,-0.0347,-0.0257,-0.0587,0.48
200008,0.119,0.0869,0.0247,0.1179,0.0783,0.0261,0.0582,0.0854,0.0787,0.118,0.5
200009,-0.0115,-0.0351,0.0281,-0.0581,0.0105,-0.0301,-0.0247,-0.1092,-0.0674,-0.0616,0.51
200010,-0.0611,-0.0414,-0.0574,-0.0125,-0.0387,-0.0334,-0.0134,0.0495,-0.0069,-0.0027,0.56
200011,-0.2975,-0.1767,-0.1496,-0.1142,-0.0768,-0.053,-0.0629,-0.0423,-0.0502,-0.0436,0.51
200012,-0.0257,-0.0163,-0.0347,0.0907,0.0017,0.05,0.0576,0.05,0.0537,0.0447,0.5
200101,0.2081,0.1779,-0.0076,-0.0013,-0.0425,-0.0227,-0.0019,-0.0007,0.0112,-0.006,0.54
200102,-0.0291,-0.02,-0.0285,-0.0975,-0.0832,-0.0995,-0.1222,-0.1719,-0.1882,-0.1758,0.38
200103,-0.1716,-0.0508,-0.0459,-0.0399,-0.0561,-0.053,-0.0472,-0.0524,-0.0189,-0.036,0.42
200104,0.2112,0.0933,0.1097,0.0849,0.0583,0.045,0.0615,0.0443,0.0363,0.0506,0.39
200105,0.0535,0.0314,0.0236,0.0232,0.0052,0.0157,0.0168,0.0137,-0.0111,-0.0218,0.32
200106,-0.0198,0.0047,-0.0393,-0.0212,-0.0006,-0.016,-0.0071,-0.0435,-0.0104,0.0336,0.28
200107,-0.0651,-0.0016,0.0109,0.0339,-0.0489,-0.0371,-0.0083,-0.0223,-0.0234,-0.0848,0.3
200108,-0.1344,-0.0698,-0.0648,-0.0751,-0.0361,-0.0364,-0.0671,-0.0386,-0.0405,-0.073,0.31
200109,-0.1979,-0.125,-0.0359,-0.1226,-0.0526,-0.0626,-0.0593,-0.0643,-0.0728,-0.0896,0.28
200110,0.1912,0.1631,0.0365,0.0517,0.0616,0.046,0.0007,-0.0056,-0.0293,-0.0207,0.22
200111,0.0414,0.0663,0.0831,0.0592,0.0377,0.056,0.102,0.088,0.1131,0.1545,0.17
200112,0.0482,0.0383,0.023,-0.0014,0.014,0.0317,0.0201,0.01,-0.0074,0.0206,0.15
200201,-0.0208,0.0132,-0.0056,-0.0047,-0.0219,-0.0146,-0.019,-0.0136,-0.0285,-0.0534,0.14
200202,-0.1065,0.0009,-0.0175,-0.0216,0.0125,0.0013,-0.0004,-0.0005,-0.083,-0.0776,0.13
200203,0.1154,0.0623,0.0363,0.0245,0.0339,0.0454,0.0097,0.0448,0.0284,0.0475,0.13
200204,-0.1031,-0.0617,-0.0216,-0.0486,-0.0297,-0.0218,-0.0392,-0.0482,-0.0756,-0.0867,0.15
200205,-0.0201,-0.022,-0.0108,-0.0038,-0.0151,0.0029,0.0041,-0.0113,-0.0119,-0.0241,0.14
200206,-0.1282,-0.1188,-0.0906,-0.0581,-0.0615,-0.0401,-0.0568,-0.0603,-0.0893,-0.093,0.13
200207,-0.083,-0.0609,-0.078,-0.1101,-0.0372,-0.0717,-0.0708,-0.0915,-0.115,-0.1052,0.15
200208,0.0484,0.0161,0.0138,-0.0067,0.0304,-0.0028,0.0002,0.0365,0.0038,-0.0108,0.14
200209,-0.1394,-0.1254,-0.1188,-0.0866,-0.0931,-0.0787,-0.0922,-0.1178,-0.1105,-0.094,0.14
200210,0.1436,0.1038,0.0689,0.1188,0.084,0.0686,0.04,0.07,0.0196,-0.0045,0.14
200211,0.1174,0.0866,0.0894,0.0154,0.0461,0.0253,0.0627,0.019,0.0617,0.1136,0.12
200212,0.0112,-0.0062,-0.0185,-0.0207,-0.052,-0.0674,-0.076,-0.0946,-0.123,-0.1501,0.11
200301,-0.0016,-0.0223,-0.033,-0.0451,-0.0254,-0.0251,-0.0116,-0.0072,-0.0406,-0.0322,0.1
200302,-0.0358,-0.0116,-0.0275,-0.0106,-0.0241,-0.0211,-0.0156,-0.0193,-0.0175,-0.0104,0.09
200303,0.0062,0.0003,0.0125,0.0112,0.0266,0.0223,0.0101,-0.0131,0.0166,0.0055,0.1
200304,0.1326,0.1261,0.0986,0.094,0.0856,0.0623,0.066,0.0881,0.0611,0.0845,0.1
200305,0.1033,0.0558,0.1016,0.0378,0.0407,0.0457,0.0584,0.0551,0.0663,0.145,0.09
200306,0.0244,0.0134,0.0183,-0.0029,0.0128,0.0157,0.0062,0.0144,0.0173,0.0437,0.1
200307,0.0391,0.0429,0.0164,0.0506,0.0004,0.0323,0.0236,0.0287,-0.0179,0.0386,0.07
200308,0.0303,0.0277,0.0039,0.0258,0.0202,0.0144,0.017,0.0416,0.0454,0.0405,0.07
200309,0.0026,0.0067,0.0099,0.009,-0.0027,-0.02,-0.0321,-0.0384,-0.0479,-0.0427,0.08
200310,0.0978,0.0835,0.074,0.0813,0.0611,0.0607,0.0334,0.0605,0.0277,0.0859,0.07
200311,-0.0079,0.013,0.0197,0.0259,0.0032,0.014,0.0101,0.0207,0.0144,0.0364,0.07
200312,0.0303,0.0583,0.0618,0.0485,0.0372,0.0463,0.0221,0.037,0.0298,0.0087,0.08
200401,0.0529,0.008,0.0411,0.0106,0.0338,0.0297,0.0237,0.0118,0.0081,0.006,0.07
200402,0.012,0.0032,0.0211,0.0304,0.025,0.0144,0.0043,0.0048,0.0105,0.0078,0.06
200403,-0.013,-0.0221,-0.0313,-0.0126,-0.0037,-0.0148,-0.0049,-0.0081,-0.0049,0.0076,0.09
200404,-0.0211,-0.0212,-0.001,-0.0091,-0.0019,-0.03,-0.03,-0.0111,-0.0234,-0.0337,0.08
200405,0.0492,0.0294,0.0123,0.0246,0.019,0.0016,-0.0043,0.007,0.0006,0.0178,0.06
200406,0.0413,0.0226,0.0123,0.0159,0.0266,0.0191,0.0179,0.0128,0.0232,0.0154,0.08
200407,-0.0588,-0.0472,-0.033,-0.0337,-0.0366,-0.0152,-0.0569,-0.0263,-0.0437,-0.0747,0.1
200408,-0.0322,-0.0427,-0.0015,0.008,0.0136,0.0214,0.0079,0.0181,-0.0001,-0.0019,0.11
200409,0.025,0.0589,0.0438,0.0336,0.0074,0.0094,-0.0001,0.0092,-0.0017,0.0352,0.11
200410,0.0149,0.005,0.0176,0.0204,0.0103,0.0186,0.0217,0.0081,0.0135,0.0383,0.11
200411,0.0734,0.04,0.0537,0.0489,0.0529,0.0319,0.0555,0.0446,0.0438,0.0452,0.15
200412,0.042,0.0482,0.0371,0.0255,0.0322,0.0317,0.0226,0.0155,0.0484,0.0449,0.16
200501,-0.0033,-0.0356,-0.0119,-0.0219,-0.0371,-0.0289,-0.019,-0.0145,-0.0401,-0.0469,0.16
200502,0.005,0.0093,0.0167,0.0141,0.0081,-0.0039,0.0614,0.0135,0.0524,0.0553,0.16
200503,-0.0339,-0.0144,-0.0155,-0.0078,-0.0305,-0.0021,-0.0106,-0.007,-0.017,-0.039,0.21
200504,-0.0793,-0.033,-0.0192,-0.0196,-0.0255,-0.0199,-0.0134,-0.0234,-0.0212,-0.017,0.21
200505,0.0512,0.0793,0.0687,0.0587,0.0342,0.0309,0.0479,0.0371,0.0246,0.0228,0.24
200506,0.0253,0.004,-0.0096,0.0048,0.0049,0.0181,0.0151,0.0276,0.0045,0.0183,0.23
200507,0.0708,0.0372,0.0197,0.0533,0.0325,0.0354,0.0443,0.0439,0.0732,0.0495,0.24
200508,-0.014,-0.0148,-0.0213,-0.0168,0.0124,-0.0114,-0.0295,-0.001,-0.0043,0.0034,0.3
200509,-0.0316,-0.0156,-0.0037,-0.0032,0.0088,0.0008,0.0201,0.0333,0.0078,0.0607,0.29
200510,-0.0114,-0.0042,-0.0056,-0.0141,-0.0094,-0.0092,-0.0209,-0.0185,-0.0411,-0.0357,0.27
200511,0.0569,0.0336,0.0318,0.0272,0.0577,0.0347,0.0463,0.0354,0.0342,0.0453,0.31
200512,0.0228,0.0295,-0.0022,-0.001,0.0068,0.0005,-0.0008,-0.0226,-0.0006,-0.0085,0.32
200601,0.0199,0.0548,0.0293,0.0059,0.0156,0.0298,0.0436,0.0379,0.055,0.0758,0.35
200602,0.0109,0.0138,0.0155,0.0128,-0.0047,0.0082,0.0054,-0.0181,-0.0257,-0.055,0.34
200603,0.0551,0.0172,0.0145,0.025,0.0089,0.0129,0.0113,0.0086,0.0232,0.0474,0.37
200604,0.0175,0.0036,0.0158,0.0176,0.0025,0.0202,0.0029,0.0084,0.021,0.0158,0.36
200605,-0.0582,-0.035,-0.0243,-0.0152,-0.0125,-0.0426,-0.0331,-0.0314,-0.0343,-0.0424,0.43
200606,-0.0189,-0.0086,0.0061,0.0012,-0.0016,0.0073,0.0002,-0.003,0.0021,0.0045,0.4
200607,-0.0667,-0.0197,0.0072,-0.0054,0.0039,0.0193,0.0041,-0.0005,-0.0116,-0.0289,0.4
200608,0.059,0.0286,0.0321,0.0192,0.0203,0.0219,0.0301,0.0343,0.0083,0.0149,0.42
200609,0.0056,0.0136,0.0388,0.0227,0.0369,0.0113,0.021,0.0181,0.025,0.0204,0.41
200610,0.0508,0.0334,0.0305,0.0441,0.0353,0.0303,0.0207,0.052,0.0392,0.0351,0.41
200611,0.0206,0.0121,0.009,0.0196,0.0174,0.0274,0.0358,0.0169,0.0303,0.0419,0.42
200612,0.0177,0.0164,0.0346,0.0278,0.0167,-0.0032,-0.0059,0,-0.0013,-0.0213,0.4
200701,0.0276,0.0289,0.0362,0.0131,0.0231,0.0113,0.0073,0.0274,0.0106,0.0076,0.44
200702,-0.0067,-0.0103,-0.0048,-0.0178,-0.0144,-0.0317,-0.0225,-0.0111,-0.0159,-0.0092,0.38
200703,-0.0084,0.0047,0.0105,0.0161,0.0181,0.01,0.003,0.0176,0.0205,0.0237,0.43
200704,0.0427,0.0506,0.037,0.0406,0.0311,0.042,0.0307,0.0413,0.0407,0.0402,0.44
200705,0.0294,0.0326,0.0338,0.027,0.0315,0.0335,0.0437,0.0393,0.0446,0.0338,0.41
200706,-0.0294,-0.0186,-0.022,-0.0135,-0.0252,-0.0138,-0.0012,-0.0197,-0.0039,-0.0116,0.4
200707,-0.081,-0.06,-0.0547,-0.0242,-0.0362,-0.0319,-0.0143,-0.0272,-0.0127,-0.0286,0.4
200708,-0.0434,-0.0204,-0.0032,0.0218,0.0165,0.0148,0.02,0.0098,0.0264,0.0072,0.42
200709,0.022,0.0563,0.0387,0.0334,0.0268,0.0498,0.0312,0.0418,0.0141,0.0415,0.32
200710,-0.0214,-0.0112,-0.0065,-0.0089,0.0226,0.0297,0.022,0.0113,0.0358,0.0758,0.32
200711,-0.0974,-0.0785,-0.0494,-0.0473,-0.0179,-0.0222,-0.0283,-0.0432,-0.0308,-0.0635,0.34
200712,-0.0305,-0.0501,-0.0218,0.0159,-0.0012,-0.0207,0.0013,0.0002,-0.0071,0.0004,0.27
200801,-0.0095,-0.0044,-0.0298,-0.0231,-0.0619,-0.0713,-0.077,-0.0803,-0.1117,-0.0992,0.21
200802,-0.0418,-0.0028,0.0203,-0.0308,-0.0503,-0.0228,0.0074,-0.0329,-0.0622,-0.1052,0.13
200803,-0.0412,-0.0056,-0.0089,0.0207,-0.0101,0.0097,-0.0025,-0.0169,-0.0203,-0.0125,0.17
200804,0.0849,0.0711,0.0744,0.0571,0.0612,0.0311,0.0411,0.0322,0.0247,0.0131,0.18
200805,-0.0149,0.037,0.002,0.026,0.0295,0.038,-0.0086,0.0035,0.0333,0.052,0.18
200806,-0.2348,-0.1334,-0.0856,-0.0632,-0.0834,-0.0566,-0.0542,-0.0735,-0.0508,-0.0225,0.17
200807,0.083,0.045,0.0014,0.021,0.0105,0.0349,0.022,-0.0256,-0.082,-0.092,0.15
200808,-0.0084,-0.0053,0.0177,0.0396,0.0153,0.0293,0.0225,0.0184,0.0055,-0.0021,0.13
200809,-0.2399,-0.1124,-0.1246,-0.0793,-0.024,-0.0851,-0.0863,-0.0935,-0.097,-0.1041,0.15
200810,-0.277,-0.2574,-0.1908,-0.1675,-0.1891,-0.1737,-0.1395,-0.1322,-0.1354,-0.1776,0.08
200811,-0.195,-0.1508,-0.1749,-0.1452,-0.1031,-0.0727,-0.0711,-0.0884,-0.0159,-0.0613,0.03
200812,0.0062,0.017,0.0577,0.0278,0.0373,0.0101,0.0172,0.0138,-0.0072,0.0056,0
200901,-0.1131,-0.0972,-0.1057,-0.0711,-0.0773,-0.0607,-0.0768,-0.075,-0.059,-0.1178,0
200902,-0.2502,-0.1814,-0.1247,-0.0589,-0.1099,-0.0973,-0.0902,-0.0906,-0.0842,-0.0716,0.01
200903,0.3134,0.1305,0.0844,0.0921,0.0867,0.0474,0.0856,0.0956,0.1007,0.106,0.02
200904,0.2229,0.1058,0.0334,0.0683,0.0525,0.0619,0.1521,0.1682,0.2021,0.212,0.01
200905,0.0606,0.0585,0.0333,0.0347,0.0324,0.0521,0.0825,0.0893,0.0688,0.0646,0
200906,0.0333,0.0413,0.0207,0.0189,0.0361,-0.0041,0.0083,-0.0291,-0.0375,-0.0419,0.01
200907,0.1054,0.1169,0.1086,0.0709,0.0763,0.0717,0.0736,0.0648,0.0582,0.0797,0.01
200908,0.0324,0.0344,0.0139,0.036,0.021,0.0208,0.0548,0.031,0.0626,0.0731,0.01
200909,0.0875,0.0423,0.0378,0.0412,0.0551,0.032,0.0231,0.0388,0.0221,0.0503,0.01
200910,-0.0479,-0.0384,0.002,-0.0255,-0.0093,-0.027,-0.0174,-0.0274,-0.0479,-0.0953,0
200911,0.048,0.0658,0.0548,0.0471,0.0617,0.0535,0.0535,0.0604,0.0503,0.0584,0
200912,0.074,0.0678,0.0447,0.0324,0.0163,0.0174,0.0301,0.0165,0.03,0.0294,0.01
201001,-0.0019,-0.0179,-0.0267,-0.0431,-0.054,-0.0513,-0.04,-0.049,-0.0584,-0.0738,0
201002,0.0416,0.0513,0.0385,0.0374,0.034,0.0333,0.0341,0.032,0.0051,0.0375,0
201003,0.0635,0.0667,0.0727,0.052,0.0605,0.0564,0.0767,0.06,0.0657,0.0888,0.01
201004,0.0158,0.0101,0.0033,0.0185,0.0224,0.0152,0.0236,0.04,0.0431,0.0441,0.01
201005,-0.0724,-0.072,-0.0685,-0.0823,-0.1033,-0.0844,-0.0734,-0.0667,-0.079,-0.0935,0.01
201006,-0.0773,-0.1017,-0.0799,-0.0581,-0.0407,-0.0637,-0.0471,-0.0308,-0.035,-0.056,0.01
201007,0.125,0.0874,0.091,0.0944,0.0839,0.0542,0.071,0.0596,0.0621,0.0418,0.01
201008,-0.0416,-0.0367,-0.0545,-0.0241,-0.0478,-0.0521,-0.0525,-0.0641,-0.0564,-0.0416,0.01
201009,0.1569,0.1052,0.1035,0.0919,0.1153,0.1247,0.098,0.0734,0.0772,0.0789,0.01
201010,0.0481,0.04,0.0245,0.038,0.0326,0.0532,0.0201,0.0573,0.0665,0.039,0.01
201011,-0.0163,0.0225,-0.0047,0.0112,0.0057,0.0006,0.0094,0.0086,0.0027,0.011,0.01
201012,0.0841,0.0752,0.0757,0.0596,0.0609,0.0596,0.0728,0.06,0.0716,0.0483,0.01
201101,0.0046,0.0181,0.0259,0.0118,0.015,0.0176,0.0304,0.0304,0.0276,0.0022,0.01
201102,0.0205,0.0225,0.0438,0.0294,0.0186,0.0358,0.0384,0.0291,0.0477,0.0482,0.01
201103,-0.0109,0.0018,0.0059,0.0109,0.013,-0.0047,0.005,0.0173,-0.0006,0.0102,0.01
201104,0.027,0.015,0.0221,0.0322,0.0323,0.0436,0.034,0.0353,0.0274,0.041,0
201105,-0.028,-0.021,-0.0136,-0.0307,-0.0198,0.006,-0.0221,0.0047,-0.0093,-0.0019,0
201106,-0.0258,-0.0161,-0.0197,-0.0314,-0.0132,-0.0103,-0.0139,-0.0164,-0.0122,-0.0216,0
201107,-0.0492,-0.0482,-0.0228,-0.0034,-0.0261,-0.0218,-0.0459,-0.025,-0.0138,-0.0182,0
201108,-0.0956,-0.0852,-0.0793,-0.0703,-0.0472,-0.0529,-0.0426,-0.0499,-0.0514,-0.0607,0.01
201109,-0.178,-0.1722,-0.1539,-0.1319,-0.0757,-0.0762,-0.0699,-0.0439,-0.0468,-0.034,0
201110,0.2315,0.2131,0.2036,0.1997,0.1552,0.1397,0.1197,0.1006,0.0699,0.0594,0
201111,-0.0058,0.0139,0.0095,-0.0104,-0.0054,-0.0185,0.0001,-0.0114,-0.0104,-0.02,0
201112,-0.0235,-0.0096,-0.0001,-0.0014,0.013,0.0134,0.0126,0.0234,0.0016,-0.0023,0
201201,0.0902,0.1183,0.0911,0.0639,0.0509,0.055,0.0082,0.0141,0.0365,0.0433,0
201202,0.0643,0.0296,0.0309,0.0276,0.0361,0.0443,0.0456,0.0749,0.0447,0.0422,0
201203,0.016,0.0186,0.0275,0.0241,0.0353,0.0309,0.0278,0.0332,0.0352,0.052,0
201204,-0.023,-0.0212,-0.0067,-0.0046,-0.0056,0.0141,-0.016,-0.0047,-0.0135,-0.0204,0
201205,-0.0983,-0.1059,-0.0926,-0.0368,-0.0619,-0.0542,-0.0574,-0.0524,-0.0387,-0.0692,0.01
201206,0.0328,0.024,0.0481,0.0367,0.0435,0.0324,0.0427,0.0361,0.0398,0.0447,0
201207,-0.0051,0.0127,0.0243,0.0153,-0.0071,0.0097,0.012,0.0114,-0.0054,-0.0099,0
201208,0.0604,0.0576,0.0534,0.0322,0.0278,0.0136,0.0035,0.0289,0.0205,0.0346,0.01
201209,0.0243,0.0255,0.0195,0.037,0.0233,0.0328,0.0154,0.029,0.0353,0.0259,0.01
201210,-0.0165,-0.0101,-0.0375,-0.0105,-0.0217,-0.0198,-0.0072,-0.0116,-0.0153,-0.0308,0.01
201211,0.0038,0.0289,0.0108,0.0018,0.011,0.0025,0.0076,0.0039,0.0084,-0.011,0.01
201212,0.0531,0.0105,0.0108,-0.006,0.016,0.0052,0.0189,0.0243,0.0097,0.0186,0.01
201301,0.0098,0.058,0.0627,0.0587,0.0604,0.0561,0.0729,0.0842,0.071,0.0536,0
201302,-0.0142,0.0112,0.0196,0.0119,0.0223,0.0182,0.0151,0.0084,0.006,0.0104,0
201303,0.0167,0.0372,0.0229,0.0478,0.0463,0.0303,0.0404,0.0415,0.0503,0.067,0
201304,0.0209,0.004,-0.0007,0.0266,0.0197,0.0256,0.0145,0.0158,0.0098,0.0226,0
201305,0.0528,0.0509,0.0481,0.0488,0.0358,0.0326,0.0135,0.0211,-0.0003,0.0245,0
201306,0.0043,-0.0056,-0.0045,-0.0132,-0.0356,-0.0019,-0.0068,-0.0152,-0.0268,0.0046,0
201307,0.095,0.0716,0.085,0.0665,0.038,0.0419,0.0388,0.0607,0.0538,0.0534,0
201308,-0.0048,-0.0309,-0.0343,-0.0402,-0.0379,-0.0254,-0.0359,-0.0247,0.01,-0.0129,0
201309,0.0371,0.0373,0.0309,0.0282,0.0346,0.0375,0.0526,0.0425,0.0419,0.0411,0
201310,0.0381,0.0475,0.0274,0.0324,0.0644,0.0512,0.0355,0.0356,0.0581,0.0126,0
201311,0.0269,0.0329,0.0398,0.0436,0.0204,0.0283,0.0281,0.02,0.0352,0.0372,0
201312,0.0507,0.033,0.0306,0.0176,0.0397,0.0153,0.0389,0.0251,0.011,0.0287,0
201401,-0.0203,-0.0249,-0.0316,-0.0318,-0.0424,-0.0382,-0.0399,-0.0284,-0.0501,0.0155,0
201402,0.0417,0.0453,0.0465,0.0499,0.0409,0.0504,0.0489,0.0364,0.042,0.0671,0
201403,0.0115,0.016,0.0131,0.0136,0.0122,0.0161,-0.001,-0.0153,-0.0187,-0.0466,0
201404,-0.0483,-0.029,-0.005,-0.004,-0.0034,0.0322,0.0214,-0.007,-0.0081,0.0029,0
201405,0.0094,0.0285,0.0208,0.0409,0.0225,0.0279,0.0236,0.0094,0.0079,0.0314,0
201406,0.0776,0.0207,0.0162,0.0167,0.031,0.0278,0.0253,0.0272,0.0273,0.0384,0
201407,-0.0079,-0.0083,-0.0232,-0.0044,-0.0211,-0.0335,-0.0275,-0.0275,-0.0463,-0.0388,0
201408,0.0638,0.0409,0.0592,0.0439,0.0409,0.045,0.0323,0.044,0.0392,0.0423,0
201409,-0.0443,-0.0187,-0.0297,-0.0153,-0.0102,-0.0093,-0.0087,-0.0269,-0.0236,-0.0364,0
201410,-0.0264,-0.0078,0.0197,0.0165,0.0187,0.0317,0.0445,0.0292,0.0257,0.0239,0
201411,-0.0767,-0.0047,0.053,0.0222,0.0242,0.0186,0.0519,0.0378,0.0408,0.0252,0
201412,-0.0243,-0.0029,0.0027,-0.0009,0.0046,-0.0009,0.0049,0.0036,0.0045,-0.016,0
201501,-0.0192,-0.0022,-0.0407,-0.0175,-0.0421,-0.0456,-0.044,-0.0403,-0.0071,-0.0332,0
201502,0.1097,0.0906,0.0645,0.0628,0.0639,0.0657,0.0504,0.0521,0.0321,0.0574,0
201503,-0.0109,-0.0008,-0.0152,-0.0145,-0.0143,-0.0037,-0.0182,-0.0103,-0.002,-0.003,0
201504,0.0403,0.0522,0.0065,0.0126,-0.0004,-0.0181,-0.0171,-0.0204,-0.016,-0.0453,0
201505,0.0385,0.0249,0.0144,0.0251,0.0121,0.0188,0.0232,0.0175,-0.001,-0.0239,0
201506,-0.0454,-0.0361,-0.031,-0.0258,-0.0123,-0.0131,-0.0156,-0.0064,-0.01,0.0113,0
201507,-0.0473,-0.0123,0.0056,0.0052,0.0415,0.0179,0.0295,0.0259,0.0234,0.0199,0
201508,-0.0313,-0.0458,-0.066,-0.0473,-0.0592,-0.0679,-0.0626,-0.0644,-0.0625,-0.0541,0
201509,-0.0911,-0.0613,-0.0375,-0.0384,-0.024,-0.0133,-0.006,-0.0128,-0.0359,-0.0516,0
201510,0.0781,0.0919,0.0725,0.0882,0.0788,0.0544,0.0864,0.0744,0.0852,0.058,0
201511,0.0356,-0.0046,0.0013,0.003,0.014,0.0124,-0.019,0.0012,0.015,0.0145,0
201512,-0.0384,-0.0202,-0.0106,-0.0312,-0.0195,-0.0165,-0.0081,-0.0262,-0.041,-0.0431,0.01
201601,-0.1203,-0.0916,-0.0833,-0.0706,-0.0695,-0.0799,-0.0735,-0.0388,-0.0293,-0.0492,0.01
201602,0.001,0.0001,-0.0056,-0.0052,0.0019,-0.0054,-0.0072,0.0091,0.0027,-0.0032,0.02
201603,0.1453,0.0764,0.0666,0.0646,0.0705,0.0719,0.0607,0.0912,0.0583,0.0543,0.02
201604,0.0237,0.0183,0.0268,0.0007,0.02,-0.0207,0.0197,-0.0299,0.0343,0.1172,0.01
201605,0.0419,0.0177,0.013,0.0222,0.0089,0.0078,0.0124,0.0189,0.0317,-0.0114,0.01
201606,0.0042,0.0086,-0.005,0.0106,0.0226,0.0018,0.0036,-0.0278,-0.0177,-0.0115,0.02
201607,0.1121,0.067,0.0725,0.0731,0.0414,0.0403,0.0186,0.0101,0.0004,0.0497,0.02
201608,-0.0006,-0.0003,-0.0037,-0.007,0.0134,0.0053,0.013,0.0212,0.0056,0.0035,0.02
201609,-0.0004,0.0037,-0.0103,0.0025,-0.0098,0.0257,-0.0021,-0.0177,0.0096,0.0387,0.02
201610,-0.02,-0.0093,-0.0116,-0.0225,-0.018,-0.0124,-0.0148,-0.0327,-0.0294,-0.0554,0.02
201611,0.0799,0.089,0.0453,0.0441,0.063,0.0302,0.033,0.0156,0.0607,0.0987,0.01
201612,0.0222,0.0207,0.0086,0.026,0.0106,0.0136,0.0149,0.024,0.026,0.0208,0.03
201701,0.0457,0.0134,0.0498,0.0371,0.0249,0.0135,0.0101,0.007,0.0006,0.0106,0.04
201702,0.0352,0.0108,0.0443,0.0505,0.0247,0.0347,0.0369,0.056,0.0251,0.0231,0.04
201703,-0.0073,-0.0031,0.0118,0.0095,0.0059,0.0055,-0.0047,0,-0.0077,0.0102,0.03
201704,-0.0226,-0.0041,0.0005,-0.0014,0.007,0.0181,0.0187,0.0233,0.0175,0.0223,0.05
201705,-0.0451,0.0015,-0.008,-0.007,0.0285,0.0024,0.0255,0.0319,0.014,0.0413,0.06
201706,0.0586,0.0319,0.0324,0.0534,0.0267,0.0156,0.014,-0.0045,-0.025,-0.004,0.06
201707,0.0346,0.0269,0.0341,0.016,0.0045,0.0144,0.0314,0.0063,0.0025,0.0089,0.07
201708,-0.0146,-0.0108,0.0018,-0.0087,-0.0042,-0.0007,0.0329,-0.0109,0.0173,-0.0017,0.09
201709,0.0992,0.0419,0.0346,0.0547,0.0354,0.031,0.0125,0.0177,0.027,-0.009,0.09
201710,0.0174,0.04,0.0204,0.0295,0.0026,0.0265,0.0288,0.0201,0.0178,0.0075,0.09
201711,0.0243,0.0232,0.0256,0.0566,0.0506,0.0381,0.0264,0.0205,0.0235,0.0326,0.08
201712,0.0025,-0.0021,0.0158,0.0071,0.0146,0.0108,0.0124,0.0174,0.0175,0.0212,0.09
201801,0.0446,0.0243,0.0691,0.0438,0.067,0.0782,0.068,0.0363,0.0536,0.048,0.12
201802,-0.0417,-0.0585,-0.0526,-0.0207,-0.0422,-0.0511,-0.0396,-0.0452,-0.0245,-0.0035,0.11
201803,-0.003,-0.0187,-0.0163,-0.0144,-0.0253,-0.0379,-0.0148,-0.0276,-0.0191,-0.0228,0.11
201804,0.0146,-0.005,0.0008,-0.0024,0.0017,0.0082,0.0142,0.0179,0.0068,0.0352,0.14
201805,0.0351,0.0169,0.017,0.0565,0.0154,0.029,0.0206,0.0192,0.0326,0.0327,0.14
201806,0.0281,0.0158,-0.002,0.0079,0.0003,0.0202,0.0046,-0.0014,0,0.0056,0.14
201807,0.0367,0.031,0.0526,0.0383,0.0601,0.0167,0.0476,0.0384,0.0163,-0.0397,0.16
201808,0.0315,0.0263,0.0367,0.0321,0.0418,0.0684,0.0557,0.0194,0.0116,0.0371,0.16
201809,-0.0185,0.0078,0.0139,0.0113,-0.0102,-0.0063,0.0019,0.0079,0.0036,0.0026,0.15
201810,-0.0856,-0.0771,-0.0711,-0.0758,-0.0417,-0.0888,-0.0658,-0.0818,-0.0661,-0.1164,0.19
201811,-0.0149,0.0328,0.0369,0.0233,0.0151,0.0236,0.0325,-0.0162,0.0269,0.0268,0.18
201812,-0.1155,-0.0904,-0.1083,-0.1036,-0.0942,-0.0984,-0.0935,-0.0693,-0.0973,-0.0992,0.2
201901,0.1714,0.1636,0.1219,0.1077,0.0943,0.1133,0.0734,0.0766,0.0422,0.06,0.21
201902,0.0504,0.035,0.0427,0.0245,0.0518,0.0323,0.0204,0.0484,0.0487,0.0257,0.18
201903,-0.0015,0.0334,-0.0028,0.0018,0.0231,0.013,0.0253,0.0208,-0.0101,0.0093,0.19
201904,0.0136,0.0404,0.0401,0.0352,0.0756,0.0539,0.0111,0.0337,0.0498,0.0502,0.21
201905,-0.0704,-0.0447,-0.0677,-0.0603,-0.0654,-0.0557,-0.0825,-0.0604,-0.0742,-0.0965,0.21
201906,0.1228,0.1072,0.1053,0.0944,0.074,0.06,0.067,0.0651,0.0485,0.0534,0.18
201907,-0.0093,0.0529,0.0177,0.0056,0.0038,0.0083,0.0241,0.0278,-0.0001,0.0026,0.19
201908,-0.0849,-0.0409,-0.0318,-0.0177,-0.015,-0.0189,-0.0017,-0.0519,-0.0263,-0.0207,0.16
201909,0.0205,0.052,0.0484,0.041,0.0289,-0.0017,0.0322,-0.0006,0.0061,-0.017,0.18
201910,0.0458,0.0157,0.0121,0.011,0.0153,-0.0064,0.055,0.0328,0.0176,0.0428,0.16
201911,0.0789,0.0371,0.0315,0.0218,0.0422,0.0247,0.0381,0.0397,0.0619,0.0638,0.12
201912,0.0619,0.0352,0.0298,0.0244,0.0203,0.0287,0.0301,0.0467,0.0174,0.0108,0.14
202001,0.0114,-0.0135,-0.0004,0.0028,0.0064,0.0131,0.0038,-0.033,0.0034,-0.0161,0.13
202002,-0.1295,-0.0802,-0.0925,-0.0929,-0.0932,-0.0751,-0.076,-0.0777,-0.0747,-0.0665,0.12
202003,-0.3449,-0.291,-0.2155,-0.1954,-0.1186,-0.1257,-0.1304,-0.0719,-0.1178,-0.1034,0.13
202004,0.5117,0.186,0.2362,0.2021,0.1545,0.1622,0.1147,0.1312,0.117,0.1325,0
202005,0.0498,0.0247,0.0482,0.0685,0.0374,0.0643,0.0875,0.0504,0.0791,0.0972,0.01
202006,0.095,0.0079,0.0298,-0.0181,0.0365,0.0096,0.0416,0.0156,0.0328,0.0889,0.01
202007,0.0598,0.0524,0.0351,0.0409,0.0525,0.0533,0.0367,0.0548,0.0987,0.1076,0.01
202008,0.0554,0.0275,0.0462,0.0643,0.0644,0.083,0.0422,0.0554,0.1096,0.1464,0.01
202009,-0.0263,-0.0408,-0.0244,-0.0343,-0.0193,-0.013,-0.0414,-0.0404,-0.0501,-0.0626,0.01
202010,-0.0185,-0.0188,-0.015,-0.0257,-0.0365,-0.0421,-0.0093,-0.0248,0.0024,0.0062,0.01
202011,0.1648,0.1721,0.124,0.0857,0.1264,0.1299,0.1255,0.123,0.1161,0.1713,0.01
202012,0.0255,0.0231,0.0474,0.0418,0.0434,0.0612,0.069,0.0596,0.0738,0.1116,0.01
202101,0.0482,-0.0219,0.0019,-0.0133,-0.0075,-0.0275,-0.009,-0.0036,0.0372,0.0411,0.01
202102,0.0893,0.0335,0.027,0.0348,0.0061,0.05,0.0375,0.0459,-0.0166,-0.0327,0
202103,0.0106,0.0495,0.0394,0.0429,0.0409,0.0274,0.0133,0.0447,0.0302,-0.0244,0
202104,0.0377,0.0199,0.0726,0.0769,0.0266,0.0369,0.0549,0.0266,0.0506,0.0131,0
202105,0.004,0.0207,0.0276,-0.0002,0.0224,0.0154,-0.0128,-0.0056,-0.016,0.0082,0
202106,0.083,0.0559,0.0188,0.0447,0.0199,0.0135,-0.0006,0.0001,0.012,0.0214,0
202107,-0.0333,-0.0212,-0.0026,-0.0006,0.0054,0.0168,0.0194,0.0401,0.0207,0.0088,0
202108,0.0225,0.0026,0.0253,0.0215,0.0353,0.0229,0.0342,0.0201,0.0272,0.06,0
202109,-0.0211,-0.0393,-0.0284,-0.0342,-0.038,-0.0431,-0.0599,-0.0494,-0.0353,-0.0509,0
202110,0.0604,0.0301,0.0843,0.0811,0.0461,0.0386,0.0541,0.0468,0.1465,0.0643,0
202111,-0.0638,-0.0374,-0.0522,-0.0234,0.0068,0.02,-0.0375,-0.0313,-0.0233,0.0128,0
202112,-0.0257,0.036,0.058,0.0373,0.0402,0.0656,0.0463,0.0032,0.0169,0.024,0.01
202201,-0.1637,-0.0985,-0.0437,-0.0571,-0.0312,-0.0658,-0.0363,-0.0614,-0.0274,-0.0654,0
202202,-0.008,-0.0194,-0.0394,-0.0304,-0.0455,-0.0214,-0.0339,-0.0052,-0.0048,0.0171,0
202203,0.0076,0.0608,0.0335,0.0178,0.0272,0.0308,0.0428,0.0155,0.0308,0.0294,0.01
202204,-0.1487,-0.1135,-0.1084,-0.0709,-0.0705,-0.0773,-0.1232,-0.0504,-0.0832,-0.1388,0.01
202205,-0.0288,-0.0307,0.021,-0.028,0.0065,0.0232,0.0366,0.0164,0.0085,-0.0148,0.03
202206,-0.0931,-0.0699,-0.0844,-0.0772,-0.0614,-0.083,-0.0918,-0.0686,-0.0954,-0.1651,0.06
202207,0.1642,0.138,0.0906,0.1143,0.1674,0.1327,0.088,0.0649,0.0297,0.0447,0.08
202208,-0.0443,-0.012,-0.0234,-0.0251,-0.0303,-0.0472,-0.0359,-0.0302,-0.0507,-0.0436,0.19
202209,-0.1279,-0.1175,-0.0787,-0.0949,-0.0953,-0.0885,-0.0758,-0.0824,-0.0869,-0.0813,0.19