date,Low,2,3,4,5,6,7,8,9,High,RF
192607,-0.0182,0.021,0.0146,0.003,0.0305,0.0152,0.0047,0.0203,0.0095,0.0218,0.22
192608,0.0749,0.0468,0.0327,0.0221,0.0281,0.0205,0.0264,0.0097,0.0468,-0.0044,0.25
192609,-0.0259,0.004,-0.0081,-0.0118,-0.0051,-0.0048,0.0153,-0.0003,-0.0111,-0.0296,0.23
192610,-0.0724,-0.053,-0.0455,-0.0244,-0.0221,-0.0272,-0.0312,-0.0258,-0.023,-0.0243,0.32
192611,-0.013,0.0529,0.0469,0.0506,0.0382,0.0323,0.0338,0.026,0.0135,-0.0241,0.31
192612,0.0602,0.0242,0.0243,0.0241,0.0186,0.0254,0.0075,0.0422,0.027,-0.0102,0.28
192701,0.0495,0.0033,-0.0127,0.0178,-0.0051,0.0067,0.0076,0.0231,0.0151,0.0168,0.25
192702,0.0689,0.0372,0.0551,0.0344,0.0515,0.0529,0.043,0.0716,0.0632,0.0928,0.26
192703,-0.07,-0.0251,-0.0063,-0.0116,-0.0124,-0.0161,-0.0285,-0.0002,0.0037,-0.0389,0.3
192704,0.0193,-0.0313,-0.0023,0.0102,0.0324,0.0203,-0.0119,0.0282,0.0083,-0.0053,0.25
192705,0.0822,0.0584,0.0443,0.0512,0.0933,0.0362,0.056,0.067,0.0632,0.0704,0.3
192706,-0.0291,0.0035,-0.0218,-0.0141,-0.0231,-0.0306,-0.0209,-0.0128,-0.0135,-0.0417,0.26
192707,0.0987,0.0678,0.0451,0.0609,0.0513,0.08,0.0594,0.0624,0.046,0.0268,0.3
192708,-0.0184,0.0048,0.0042,0.0004,0.0215,0.0262,0.0271,-0.0157,-0.0088,-0.0106,0.28
192709,0.0588,0.0162,0.0184,0.029,0.0382,0.0379,0.0319,0.0325,0.0249,0.0272,0.21
192710,-0.0423,-0.0543,-0.0354,-0.0352,-0.0386,-0.024,-0.0231,-0.0295,-0.0353,-0.0628,0.25
192711,0.1815,0.1497,0.1021,0.0728,0.0776,0.0742,0.0913,0.0702,0.0953,0.0687,0.21
192712,0.0388,0.0209,0.0265,0.0244,0.0151,0.0522,0.0485,0.034,0.0299,0.0232,0.22
192801,0.114,0.0228,0.0159,0.0085,0.0669,0.0133,0.0259,0.025,0.0293,0.0083,0.25
192802,-0.0138,-0.039,-0.0128,-0.0245,-0.0404,-0.0167,-0.0125,-0.0251,-0.0114,-0.029,0.33
192803,0.0991,0.0825,0.0382,0.08,0.0687,0.0759,0.0579,0.0657,0.0998,0.0741,0.29
192804,0.1076,0.1722,0.0441,0.0704,0.0733,0.0637,0.0862,0.0829,0.0561,0.1169,0.22
192805,0.0751,0.0719,0.0314,0.0198,0.0596,0.0437,0.0216,0.0108,0.0294,0.0217,0.32
192806,-0.081,-0.0684,-0.0644,-0.0608,-0.0407,-0.0556,-0.0663,-0.0752,-0.068,-0.123,0.31
192807,-0.0108,-0.0022,-0.0174,0.0032,0.0155,0.0106,0.0023,0.0127,0.004,0.0037,0.32
192808,0.0926,0.049,0.0451,0.035,0.0679,0.0568,0.0513,0.0737,0.079,0.0346,0.32
192809,0.0658,0.0558,0.0252,0.049,0.0455,0.0465,0.0451,0.0466,0.0426,0.0824,0.27
192810,0.0203,0.0136,0.0182,-0.0152,0.0122,0.0086,0.005,0.0131,0.0541,0.0341,0.41
192811,0.1429,0.1197,0.0796,0.0937,0.1062,0.1337,0.1328,0.1227,0.121,0.1132,0.38
192812,0.0095,-0.0215,-0.0075,0.01,-0.0164,-0.0049,0.0026,-0.0001,0.0215,-0.0315,0.06
192901,0.0309,-0.0126,0.0374,0.0403,0.0402,0.0373,0.0467,0.043,0.0357,0.0367,0.34
192902,0.0275,0.0013,-0.0045,-0.0027,0.0081,0.0305,0.0064,-0.0013,-0.0029,-0.0141,0.36
192903,-0.0372,-0.0483,-0.0281,-0.0337,-0.0337,-0.033,-0.0199,-0.0153,-0.0438,-0.0329,0.34
192904,0.0312,-0.0111,0.0147,-0.0058,0.0166,0.0327,0.028,-0.0014,0.0175,0.0207,0.36
192905,-0.1469,-0.127,-0.0935,-0.0863,-0.0632,-0.0608,-0.0726,-0.0702,-0.0832,-0.0969,0.44
192906,0.1156,0.0745,0.0863,0.0841,0.0712,0.0717,0.0697,0.0597,0.058,0.0574,0.52
192907,-0.013,0.014,0.0244,0.0173,0.0145,0.0465,0.0282,0.0302,0.0101,0.0132,0.33
192908,0.0333,0.009,0.0184,0.0157,0.0247,0.0322,0.0267,0.0432,0.0513,0.0142,0.4
192909,-0.0628,-0.0337,-0.0441,-0.0271,-0.0297,-0.0389,-0.047,-0.0626,-0.0455,-0.0461,0.35
192910,-0.2786,-0.2473,-0.2123,-0.183,-0.1677,-0.1997,-0.1916,-0.179,-0.1984,-0.2386,0.46
192911,-0.1299,-0.1713,-0.1614,-0.1437,-0.1084,-0.1188,-0.1156,-0.1064,-0.0957,-0.1047,0.37
192912,-0.044,-0.0449,-0.0309,0.0012,-0.0199,-0.0058,-0.0306,-0.0137,-0.0244,-0.0416,0.37
193001,0.2986,0.1594,0.1408,0.095,0.0878,0.0965,0.0551,0.051,0.0465,0.0582,0.14
193002,0.0812,0.0181,0.0092,0.0196,0.0434,0.0398,0.0313,0.0504,0.0318,0.011,0.3
193003,0.2039,0.1165,0.0858,0.0684,0.0917,0.0784,0.0935,0.1071,0.0949,0.1064,0.35
193004,-0.0552,-0.0303,-0.0419,-0.028,-0.066,-0.0336,-0.0363,-0.0528,-0.0607,-0.0259,0.21
193005,-0.0349,-0.0525,-0.0575,-0.0385,-0.0244,-0.0269,-0.0319,-0.0413,-0.0268,-0.076,0.26
193006,-0.2279,-0.2378,-0.2147,-0.1843,-0.166,-0.179,-0.1483,-0.1691,-0.189,-0.1824,0.27
193007,0.0994,0.0653,0.0513,0.0647,0.0472,0.0441,0.0103,0.0195,0.0045,-0.0255,0.2
193008,0.0021,-0.0169,-0.023,-0.0149,-0.0048,0.0104,0.0017,-0.0313,-0.0344,-0.0666,0.09
193009,-0.1646,-0.1994,-0.1824,-0.1342,-0.1359,-0.1254,-0.1208,-0.1423,-0.153,-0.1722,0.22
193010,-0.0867,-0.1031,-0.1017,-0.1358,-0.1206,-0.0878,-0.0882,-0.0981,-0.08,-0.0687,0.09
193011,0.0307,-0.0133,-0.0222,-0.0169,-0.0447,-0.0082,-0.0318,-0.0322,-0.0434,-0.0458,0.13
193012,-0.1986,-0.1531,-0.1633,-0.1232,-0.1184,-0.0911,-0.1202,-0.1035,-0.1544,-0.1522,0.14
193101,0.4396,0.2464,0.1704,0.1137,0.1278,0.1076,0.0808,0.0516,0.0529,0.0386,0.15
193102,0.1662,0.166,0.12,0.1414,0.1198,0.1335,0.163,0.1665,0.2062,0.1934,0.04
193103,-0.0126,-0.0536,-0.0527,-0.0421,-0.0523,-0.0445,-0.0653,-0.1045,-0.0931,-0.1134,0.13
193104,-0.1764,-0.1763,-0.1739,-0.1826,-0.1616,-0.1192,-0.1403,-0.1061,-0.1151,-0.1893,0.08
193105,-0.1269,-0.1748,-0.157,-0.1676,-0.1368,-0.1489,-0.126,-0.1386,-0.109,-0.1164,0.09
193106,0.4023,0.3093,0.2411,0.1664,0.1729,0.1445,0.1265,0.134,0.07,0.0603,0.08
193107,0.0099,-0.0269,-0.0452,-0.0632,-0.0756,-0.0866,-0.0711,-0.1031,-0.1085,-0.1149,0.06
193108,-0.0104,-0.0329,-0.008,-0.0125,-0.0061,-0.0224,-0.0079,-0.0135,-0.0137,-0.06,0.03
193109,-0.2709,-0.3162,-0.3412,-0.295,-0.3169,-0.26,-0.3037,-0.3365,-0.3358,-0.3402,0.03
193110,0.2632,0.1875,0.2014,0.1594,0.1326,0.0877,0.0676,0.0299,-0.0091,-0.0743,0.1
193111,-0.0343,-0.0981,-0.0885,-0.0662,-0.082,-0.0763,-0.1106,-0.1018,-0.1062,-0.1285,0.17
193112,-0.21,-0.1988,-0.2134,-0.1856,-0.1762,-0.1664,-0.1158,-0.2123,-0.1598,-0.2215,0.12
193201,0.4215,0.1285,0.153,0.1109,0.0369,0.0521,0.0366,-0.0061,0.0004,-0.0936,0.23
193202,0.0683,0.0633,0.0377,0.0264,0.0626,0.0436,0.0418,-0.0122,-0.0197,-0.0921,0.23
193203,-0.0715,-0.1336,-0.1706,-0.0762,-0.105,-0.1307,-0.1114,-0.1297,-0.1426,-0.1505,0.16
193204,-0.1303,-0.1883,-0.2123,-0.2164,-0.1849,-0.1795,-0.1826,-0.1627,-0.1438,-0.2094,0.11
193205,-0.1507,-0.1999,-0.2407,-0.2202,-0.2441,-0.1993,-0.2244,-0.2072,-0.1516,-0.2318,0.06
193206,0.2683,0.1129,0.0926,0.0568,-0.0082,-0.0298,0.0211,-0.0073,-0.0377,-0.0912,0.02
193207,0.6614,0.5306,0.4083,0.3508,0.3856,0.3571,0.3891,0.4888,0.4341,0.383,0.03
193208,1.0048,0.5608,0.5856,0.4804,0.6055,0.5858,0.6245,0.6132,0.8561,0.7409,0.03
193209,0.0185,-0.0275,-0.0241,-0.0054,-0.0516,-0.07,-0.0656,-0.067,-0.1226,-0.2082,0.03
193210,-0.1378,-0.2009,-0.1377,-0.1745,-0.1859,-0.1569,-0.1497,-0.1158,-0.1818,-0.216,0.02
193211,0.0235,-0.0783,-0.0759,-0.0954,-0.1052,-0.0786,-0.084,-0.0643,-0.0392,-0.0857,0.02
193212,-0.0272,-0.0551,-0.0423,-0.0226,-0.0323,0.0099,-0.0134,-0.1044,-0.0016,-0.0967,0.01
193301,0.1436,0.0441,0.0398,0.025,0.0208,0.0069,0.0246,0.0248,0.0082,0.0069,0.01
193302,-0.088,-0.1093,-0.1551,-0.1645,-0.1902,-0.1803,-0.1523,-0.1479,-0.1927,-0.2142,-0.03
193303,0.3126,0.0859,0.1148,0.0806,0.1274,0.0883,0.0764,0.0455,0.0501,0.0374,0.04
193304,0.7081,0.4946,0.5077,0.2888,0.4238,0.4671,0.5936,0.6052,0.5289,0.4528,0.1
193305,0.8662,0.6256,0.6427,0.5912,0.5422,0.4497,0.616,0.6494,0.5128,0.5641,0.04
193306,0.1447,0.194,0.1863,0.2371,0.2734,0.2703,0.2787,0.1823,0.2899,0.224,0.02
193307,-0.0092,-0.0301,-0.073,-0.0873,-0.1265,-0.1028,-0.1111,-0.1619,-0.1064,-0.1281,0.02
193308,0.2082,0.152,0.1466,0.1076,0.1012,0.1168,0.0753,0.0866,0.0997,0.0448,0.03
193309,-0.1342,-0.1566,-0.1584,-0.1822,-0.1563,-0.1328,-0.1691,-0.1479,-0.147,-0.134,0.02
193310,-0.0544,-0.1276,-0.1312,-0.1358,-0.1127,-0.0873,-0.1091,-0.1222,-0.1047,-0.1032,0.01
193311,0.1004,0.1106,0.0678,0.088,0.0874,0.085,0.0456,0.0445,0.0211,0.0083,0.02
193312,0.0529,0.0094,0.0173,0.0066,-0.0076,0.0249,0.0015,0.0264,0.0372,0.021,0.02
193401,0.592,0.4065,0.3717,0.2117,0.3272,0.211,0.2484,0.2654,0.2865,0.2831,0.05
193402,0.0337,-0.0096,-0.0207,0.0083,0.0313,0.018,-0.0068,0.013,0.0368,-0.0041,0.02
193403,0.059,0.0017,0.0034,0.0096,0.0046,-0.0055,0.024,-0.0013,-0.0212,-0.0035,0.02
193404,0.0618,0.0107,-0.0228,0.012,-0.0147,-0.0205,-0.0062,-0.0088,0.0141,-0.0231,0.01
193405,-0.1352,-0.1416,-0.1279,-0.1184,-0.0984,-0.098,-0.0897,-0.0697,-0.1007,-0.1084,0.01
193406,-0.0217,-0.0115,-0.008,-0.0102,0.0058,0.0175,0.0121,0.0171,0.0053,0.0129,0.01
193407,-0.2054,-0.2425,-0.2032,-0.2076,-0.182,-0.1837,-0.1606,-0.1402,-0.1815,-0.1711,0.01
193408,0.2246,0.1912,0.1319,0.155,0.1195,0.0489,0.0436,0.0454,0.0276,-0.0044,0.01
193409,0.0016,-0.0195,-0.0041,-0.0116,0.0025,-0.0056,-0.0084,-0.0188,-0.038,-0.0171,0.01
193410,-0.0102,-0.0245,-0.0284,-0.0106,-0.0408,-0.0313,0.0016,-0.0154,-0.027,-0.0026,0.01
193411,0.1471,0.1428,0.1251,0.1143,0.1576,0.1509,0.1023,0.1244,0.1631,0.0587,0.01
193412,0.0331,-0.0031,0.0222,0.0137,-0.0165,0.0156,0.0229,0.0333,0.0176,0.0069,0.01
193501,0.0537,-0.0358,-0.0337,-0.0559,-0.0107,-0.0535,-0.0039,-0.0578,-0.042,-0.0819,0.01
193502,-0.0518,-0.0836,-0.0534,-0.0381,-0.0732,-0.0395,-0.0234,0.0005,-0.0529,-0.147,0.02
193503,-0.0668,-0.1348,-0.0968,-0.1,-0.0889,-0.0522,-0.0571,-0.0373,-0.053,-0.0562,0.01
193504,0.184,0.1342,0.106,0.1104,0.0809,0.088,0.064,0.0712,0.0925,0.081,0.01
193505,0.0712,0.0597,0.0519,0.0269,0.0288,0.0185,0.0196,0.0103,0.0142,-0.063,0.01
193506,0.026,0.0555,0.0316,0.0439,0.0384,0.0665,0.0427,0.0554,0.0341,0.0217,0.01
193507,0.1626,0.1293,0.1202,0.0832,0.0903,0.0798,0.1033,0.1217,0.1249,0.0828,0.01
193508,0.1594,0.0587,0.0696,0.0523,0.0679,0.0614,0.1028,0.1101,0.1012,0.0568,0.01
193509,0.049,0.037,0.0359,0.0352,0.0255,0.0354,0.0322,0.0435,0.0138,-0.0684,0.01
193510,0.1635,0.0888,0.079,0.0939,0.0783,0.062,0.0373,0.0932,0.0875,0.0627,0.01
193511,0.3673,0.1507,0.2372,0.088,0.1117,0.0737,0.1276,0.1156,0.084,0.1082,0.02
193512,0.0997,0.0421,0.0396,0.0476,0.0839,0.0387,0.075,0.1205,0.0634,-0.0183,0.01
193601,0.367,0.106,0.1045,0.1347,0.093,0.1266,0.1303,0.1206,0.1484,0.1636,0.01
193602,0.0532,0.0473,0.0535,0.046,0.0555,0.0435,0.0444,0.0541,0.0285,0.0004,0.01
193603,0.0424,0.0234,0.0208,-0.007,0.0209,0.0164,0.0026,0.0043,0.0007,-0.033,0.02
193604,-0.1969,-0.1142,-0.1254,-0.1202,-0.1218,-0.1095,-0.0984,-0.0932,-0.1217,-0.1385,0.02
193605,0.1069,0.0878,0.0594,0.0476,0.0432,0.0421,0.0256,0.0425,0.0332,0.028,0.02
193606,0.0132,0.0022,0.0146,-0.0045,-0.0002,-0.0121,-0.005,0.002,-0.0022,-0.0171,0.03
193607,0.1016,0.1215,0.0683,0.0868,0.0572,0.0564,0.0684,0.0695,0.0805,0.0777,0.01
193608,0.0327,0.0274,0.0262,0.0113,0.0054,0.0313,0.0178,0.0205,0.0193,0.0257,0.02
193609,0.0751,0.0353,0.0329,0.005,0.0476,0.0233,0.0247,0.0336,0.0108,0.0451,0.01
193610,0.065,0.068,0.0659,0.0727,0.0493,0.0629,0.0747,0.0491,0.0624,0.0753,0.02
193611,0.1632,0.0692,0.0701,0.0825,0.0709,0.0797,0.076,0.1172,0.0889,0.1064,0.01
193612,0.0239,0.0033,0.0167,0.0205,0.0116,0.0517,0.0332,0.055,0.0341,0.0244,0
193701,0.0868,0.0796,0.0726,0.0649,0.0661,0.0761,0.0837,0.0856,0.083,0.0756,0.01
193702,0.0327,0.0371,0.0605,0.0118,0.009,0.0307,0.0299,0.0437,0.0184,-0.0094,0.02
193703,-0.0077,-0.0133,-0.0175,-0.0215,0.0001,0.0098,0.0141,0.016,0.0033,0.0233,0.01
193704,-0.1339,-0.1127,-0.0712,-0.0804,-0.0824,-0.0932,-0.0918,-0.1048,-0.1024,-0.1325,0.03
193705,-0.0282,-0.0386,-0.0348,-0.0299,-0.0185,-0.0261,-0.0116,-0.0236,-0.016,-0.02,0.06
193706,-0.0938,-0.0858,-0.0918,-0.0837,-0.0528,-0.0687,-0.0719,-0.0697,-0.0738,-0.0812,0.03
193707,0.1455,0.1447,0.1105,0.1065,0.1106,0.0965,0.0694,0.0657,0.0777,0.0755,0.03
193708,-0.0312,-0.0292,-0.0402,-0.0356,-0.0503,-0.0469,-0.0509,-0.0551,-0.0773,-0.1257,0.02
193709,-0.2127,-0.2353,-0.2243,-0.2032,-0.1929,-0.1898,-0.1703,-0.1684,-0.1718,-0.185,0.04
193710,-0.0888,-0.1,-0.1115,-0.1161,-0.1118,-0.1189,-0.1143,-0.0987,-0.0748,-0.0862,0.02
193711,-0.0952,-0.1278,-0.1103,-0.1059,-0.1138,-0.1106,-0.1142,-0.1098,-0.0868,-0.1213,0.02
193712,-0.1121,-0.1406,-0.1026,-0.1356,-0.1062,-0.1026,-0.0761,-0.0693,-0.0615,-0.1049,0
193801,0.1138,0.0966,0.0582,0.0533,0.0472,0.0392,0.0368,0.017,-0.0011,-0.0301,0
193802,0.0991,0.0867,0.0741,0.0597,0.0646,0.0726,0.0776,0.0407,0.0407,-0.0026,0
193803,-0.2422,-0.2533,-0.2398,-0.2753,-0.292,-0.2804,-0.2965,-0.3103,-0.3379,-0.3366,-0.01
193804,0.3464,0.2721,0.2591,0.238,0.2231,0.1984,0.173,0.1407,0.1304,0.0683,0.01
193805,-0.0357,-0.0385,-0.0413,-0.0526,-0.0688,-0.0754,-0.0724,-0.0905,-0.1192,-0.1245,0
193806,0.4253,0.4482,0.3615,0.3496,0.3315,0.3223,0.2393,0.2214,0.1901,0.1886,0
193807,0.1228,0.0895,0.1301,0.0898,0.1298,0.1246,0.129,0.1415,0.1337,0.1387,-0.01
193808,-0.0706,-0.0196,-0.04,-0.0645,-0.0765,-0.0749,-0.0592,-0.0667,-0.0653,-0.0862,0
193809,0.009,-0.0255,-0.014,-0.0178,-0.0194,-0.0095,-0.0049,-0.0218,-0.0251,-0.0232,0.02
193810,0.2215,0.1717,0.1376,0.1489,0.1291,0.131,0.0934,0.1235,0.1335,0.1285,0.01
193811,-0.0524,-0.0184,-0.0367,-0.0193,-0.0351,-0.0407,-0.0468,-0.0484,-0.0144,-0.0633,-0.06
193812,0.0651,0.033,0.0306,0.037,0.0453,0.0365,0.0105,0.0236,0.0335,0.0261,0
193901,-0.0398,-0.064,-0.0593,-0.0599,-0.0764,-0.0663,-0.0831,-0.0882,-0.1053,-0.1216,-0.01
193902,0.0664,0.0746,0.047,0.0471,0.0289,0.0566,0.0347,0.0284,0.0295,0.0042,0.01
193903,-0.1694,-0.1585,-0.1455,-0.1609,-0.1609,-0.1581,-0.1984,-0.1901,-0.2044,-0.1978,-0.01
193904,0.0811,0.0143,0.0059,0.0189,-0.0065,-0.0163,-0.0186,-0.0134,-0.0128,-0.0341,0
193905,0.1261,0.0856,0.104,0.0861,0.0866,0.0829,0.0853,0.0747,0.0755,0.0469,0.01
193906,-0.0751,-0.0764,-0.0661,-0.0722,-0.0706,-0.0824,-0.0956,-0.1012,-0.1104,-0.0952,0.01
193907,0.1965,0.2302,0.206,0.1474,0.1423,0.1087,0.1038,0.0871,0.0536,0.0848,0
193908,-0.0536,-0.062,-0.1012,-0.0836,-0.0894,-0.1127,-0.1135,-0.1309,-0.1414,-0.1723,-0.01
193909,0.6955,0.55,0.4277,0.4546,0.3825,0.2855,0.2622,0.2487,0.1582,0.5304,0.01
193910,0.0915,0.062,0.0596,0.0175,-0.0207,-0.0072,-0.0258,-0.0438,-0.0815,-0.1304,0
193911,-0.1606,-0.1379,-0.1189,-0.0837,-0.0723,-0.0532,-0.0342,-0.0442,-0.0452,-0.0622,0
193912,-0.0182,0.0192,-0.016,0.0209,0.0465,0.014,0.0167,0.0117,0.0308,0.0424,0
194001,0.0141,-0.0046,-0.0121,-0.0254,-0.0178,-0.0188,-0.0212,-0.045,-0.0301,-0.0378,0
194002,0.0636,0.0298,0.0293,0.033,0.0326,0.022,0.0408,0.0179,0.0251,0.0143,0
194003,0.0497,0.0427,0.0252,0.0475,0.023,0.0194,0.021,0.0087,0.0162,0.0188,0
194004,0.0881,0.0193,0.0101,0.0012,0.0057,0.0083,0.0061,-0.0009,0.0214,-0.0251,0
194005,-0.2709,-0.2696,-0.2823,-0.2621,-0.2461,-0.2359,-0.2498,-0.2694,-0.2796,-0.3282,-0.02
194006,0.1097,0.1038,0.0855,0.0842,0.0738,0.0575,0.0596,0.0541,0.0368,0.0007,0
194007,0.0549,0.062,0.0408,0.0563,0.0431,0.0464,0.0283,0.0368,0.0203,-0.0107,0.01
194008,0.054,0.027,0.0109,0.0299,0.0269,0.0374,0.032,0.0141,0.0123,-0.0172,-0.01
194009,0.0517,0.0312,0.0431,0.0316,0.0337,0.0423,0.0357,0.042,0.0561,0.0157,0
194010,0.0732,0.0631,0.0446,0.0527,0.0489,0.0415,0.0464,0.0549,0.048,0.0124,0
194011,-0.0053,0.0191,0.0084,0.0071,0.0089,0.0123,-0.0082,0.0086,-0.0318,-0.0395,0
194012,-0.0485,-0.0169,0.0095,0.0015,-0.0071,-0.0051,-0.0033,-0.0178,-0.0261,-0.073,0
194101,0.1823,0.0067,-0.0131,-0.0387,-0.0153,0.0015,-0.0388,-0.0396,-0.0446,-0.0672,-0.01
194102,0.0037,-0.0238,-0.0221,-0.023,-0.0169,-0.0187,-0.0245,-0.0161,-0.0238,-0.0322,-0.01
194103,0.0474,0.026,0.0222,0.009,0.0167,0.0177,-0.0076,0.0053,-0.0105,0.0073,0.01
194104,-0.0408,-0.0639,-0.0632,-0.0591,-0.0699,-0.0566,-0.0551,-0.0485,-0.0469,-0.0688,-0.01
194105,0.0398,0.0261,0.0169,0.0231,0.0083,0.0004,-0.0021,-0.0021,0.0083,-0.0125,0
194106,0.0984,0.0683,0.0631,0.0659,0.0895,0.0592,0.0504,0.0707,0.0607,0.0437,0
194107,0.208,0.1407,0.1106,0.1046,0.0946,0.0976,0.0845,0.1649,0.1337,0.1591,0.03
194108,0.0174,0.0005,-0.0087,0.0066,-0.007,0.0066,-0.0296,-0.0102,-0.0079,-0.0357,0.01
194109,-0.0298,-0.0241,-0.0187,-0.0322,-0.0138,-0.0182,-0.0087,-0.0157,-0.0263,-0.0178,0.01
194110,-0.0768,-0.0778,-0.0696,-0.0671,-0.0406,-0.0657,-0.0516,-0.0541,-0.0402,-0.0637,0
194111,-0.0725,-0.045,-0.0459,-0.0327,-0.0189,-0.0301,-0.0096,-0.023,-0.0265,-0.0347,0
194112,-0.1051,-0.1273,-0.0825,-0.1195,-0.0645,-0.049,-0.0697,-0.0463,-0.0676,-0.0899,0.01
194201,0.4067,0.2017,0.1593,0.1315,0.1152,0.0766,0.0384,0.0954,0.0029,0.0547,0.02
194202,-0.0325,-0.0167,0.0156,-0.0087,-0.0219,-0.0053,-0.0021,-0.0281,-0.0128,-0.0312,0.01
194203,-0.0514,-0.0602,-0.0518,-0.0569,-0.0513,-0.0483,-0.0579,-0.0465,-0.0443,-0.054,0.01
194204,-0.0148,-0.052,-0.0523,-0.042,-0.0507,-0.0395,-0.0566,-0.0507,-0.0447,-0.051,0.01
194205,0.048,0.0289,0.0141,0.0407,0.0193,0.0361,0.0223,0.0126,0.0412,0.012,0.03
194206,0.0343,0.0315,0.0237,0.0147,0.0323,0.0177,0.0332,0.0354,0.0297,0.0057,0.02
194207,0.0921,0.0542,0.0498,0.0384,0.0464,0.0448,0.0492,0.0341,0.0354,0.0243,0.03
194208,0.0814,0.0313,0.0224,0.0195,0.0198,0.0344,0.0135,0.0191,0.0186,0.0172,0.03
194209,0.0977,0.04,0.0552,0.0207,0.0263,0.034,0.0352,0.0268,0.0198,0.0931,0.03
194210,0.132,0.1013,0.094,0.0694,0.0741,0.0791,0.0869,0.1093,0.1157,0.1219,0.03
194211,0.0253,0.0013,0.0056,0.0026,-0.0155,-0.0094,-0.0284,-0.0025,-0.0641,-0.0649,0.03
194212,0.0315,0.0251,0.0297,0.0359,0.0571,0.0202,0.0569,0.0448,0.032,0.0155,0.03
194301,0.4339,0.2143,0.1916,0.091,0.117,0.1155,0.0996,0.103,0.1337,0.127,0.03
194302,0.0759,0.072,0.0753,0.0856,0.0888,0.081,0.0933,0.1494,0.1615,0.437,0.03
194303,0.1216,0.0859,0.0983,0.086,0.133,0.1305,0.1327,0.1361,0.1152,0.073,0.03
194304,0.0855,0.038,0.0253,0.0143,0.0231,0.0128,0.0277,0.042,0.0235,0.0537,0.03
194305,0.1221,0.0751,0.0861,0.0595,0.1056,0.0528,0.0663,0.0763,0.096,0.094,0.03
194306,0.0065,0.0141,0.0263,0.0127,0.0282,0.021,0.0149,0.0182,-0.0057,-0.0187,0.03
194307,-0.0849,-0.0735,-0.061,-0.0701,-0.0409,-0.0427,-0.0342,-0.0736,-0.0654,-0.0955,0.03
194308,0.0097,0.0179,0.0108,0.0105,0.0041,0.0013,0.0019,-0.0068,-0.0014,-0.0114,0.03
194309,0.052,0.0528,0.0333,0.041,0.033,0.0381,0.0285,0.0275,0.0235,0.0227,0.03
194310,0.0276,0.0012,-0.0111,0.0083,-0.0059,-0.0062,-0.0069,-0.0108,-0.0173,-0.0165,0.03
194311,-0.1171,-0.0851,-0.1038,-0.0869,-0.0682,-0.0928,-0.061,-0.0856,-0.0865,-0.0966,0.03
194312,0.1946,0.1249,0.1302,0.0986,0.0948,0.0872,0.0887,0.0518,0.0474,0.0709,0.03
194401,0.0692,0.0343,0.0458,0.055,0.0282,0.0481,0.0466,0.0359,0.0396,0.0515,0.03
194402,0.0259,0.0099,0.0168,0.01,0.0107,0.0078,0.0186,0.0095,0.0262,0.0083,0.03
194403,0.0605,0.0475,0.0422,0.0462,0.0167,0.0282,0.0335,0.047,0.0248,0.0467,0.02
194404,-0.0222,-0.0182,-0.0219,-0.0201,-0.0228,-0.0277,-0.0309,-0.0362,-0.0511,-0.046,0.03
194405,0.0792,0.0839,0.0635,0.0806,0.0733,0.0642,0.06,0.0471,0.0571,0.053,0.03
194406,0.1221,0.0616,0.0896,0.0905,0.1017,0.0959,0.1175,0.1,0.0997,0.146,0.03
194407,0.0103,-0.0011,0.0028,0.0002,-0.0048,-0.002,-0.0235,-0.0309,-0.0351,-0.0351,0.03
194408,0.0721,0.0553,0.0327,0.0235,0.0233,0.0257,0.0244,0.0139,0.0173,0.0167,0.03
194409,0.0115,0.0015,0.0078,-0.002,0.0094,-0.004,0.0009,0.0012,-0.0074,-0.0186,0.02
194410,0,0.0093,0.0013,0.0001,0.0074,-0.0009,0.0022,-0.0015,-0.0117,-0.0034,0.03
194411,0.0395,0.0282,0.0182,0.0202,0.0266,0.0204,0.0185,0.0222,0.021,0.0186,0.03
194412,0.0839,0.0659,0.0557,0.0492,0.061,0.0742,0.0745,0.0686,0.0835,0.0765,0.02
194501,0.0758,0.0697,0.0433,0.05,0.052,0.0645,0.0373,0.0267,0.0282,-0.0014,0.03
194502,0.1192,0.0837,0.0901,0.0708,0.0958,0.0845,0.0746,0.0796,0.0762,0.0724,0.02
194503,-0.0356,-0.0436,-0.0513,-0.0494,-0.0391,-0.0447,-0.0654,-0.0636,-0.0795,-0.0914,0.02
194504,0.1217,0.109,0.0873,0.0848,0.0868,0.093,0.0876,0.0651,0.0796,0.0733,0.03
194505,0.0457,0.0547,0.029,0.0329,0.0297,0.0304,0.0075,0.0204,0.0123,0.0378,0.03
194506,0.0362,0.027,0.0375,0.0451,0.0264,0.038,0.0132,0.029,0.049,0.0639,0.02
194507,-0.0208,-0.0236,-0.021,-0.032,-0.0284,-0.029,-0.0377,-0.0196,-0.0531,-0.0823,0.03
194508,0.0456,0.0789,0.0889,0.0821,0.0678,0.0768,0.0649,0.066,0.0565,0.0353,0.03
194509,0.0816,0.0563,0.0637,0.0571,0.0588,0.061,0.0691,0.0628,0.0568,0.0582,0.03
194510,0.0718,0.0741,0.0489,0.0627,0.057,0.0591,0.0624,0.0646,0.0718,0.0753,0.03
194511,0.0783,0.0724,0.1089,0.1004,0.1007,0.1064,0.0957,0.1004,0.0946,0.101,0.02
194512,0.0309,0.0245,0.0268,0.0373,0.0367,0.0423,0.0115,0.02,0.0087,0.0076,0.03
194601,0.1307,0.0915,0.0886,0.0934,0.0845,0.0868,0.112,0.085,0.1173,0.0577,0.03
194602,-0.0504,-0.0546,-0.059,-0.0554,-0.0626,-0.0516,-0.0741,-0.0811,-0.0765,-0.0932,0.03
194603,0.0525,0.0518,0.0504,0.0561,0.0564,0.052,0.0712,0.0686,0.0629,0.0615,0.03
194604,0.0333,0.0376,0.0401,0.0502,0.0432,0.0442,0.0511,0.0704,0.0816,0.0759,0.03
194605,0.0678,0.0602,0.0703,0.0635,0.0552,0.0579,0.0518,0.0445,0.0493,0.0324,0.03
194606,-0.0464,-0.0402,-0.0407,-0.0438,-0.0494,-0.0401,-0.0647,-0.0605,-0.052,-0.0502,0.03
194607,-0.0289,-0.0461,-0.0427,-0.0381,-0.0472,-0.043,-0.0446,-0.056,-0.0298,-0.0396,0.03
194608,-0.0893,-0.0787,-0.0792,-0.0901,-0.0868,-0.0692,-0.0683,-0.0618,-0.0592,-0.0694,0.03
194609,-0.1687,-0.1553,-0.1421,-0.1398,-0.1308,-0.1337,-0.1284,-0.1183,-0.1118,-0.1186,0.03
194610,0.0108,-0.0099,-0.0198,-0.0049,-0.0082,-0.0122,-0.0204,-0.0283,-0.0126,-0.0154,0.03
194611,-0.0149,-0.0062,-0.0022,-0.0101,0.0118,0.0002,0.0016,0.0043,-0.0052,-0.007,0.03
194612,0.0283,0.053,0.0493,0.0487,0.0434,0.0442,0.0485,0.06,0.0512,0.0459,0.03
194701,0.0611,0.0499,0.0543,0.045,0.0251,0.0243,0.0358,0.0192,0.0112,-0.0245,0.03
194702,0.0038,-0.0002,-0.0029,-0.0105,-0.0078,0.0039,-0.0039,-0.0116,-0.0214,-0.0154,0.03
194703,-0.0326,-0.0382,-0.0285,-0.0196,-0.0219,-0.029,-0.027,-0.0353,-0.0267,-0.0474,0.03
194704,-0.1163,-0.1018,-0.0916,-0.08,-0.0785,-0.0821,-0.063,-0.0703,-0.0731,-0.0617,0.03
194705,-0.0644,-0.0534,-0.0436,-0.035,-0.0389,-0.0287,-0.0184,-0.0368,-0.0241,-0.0363,0.03
194706,0.0662,0.0724,0.0496,0.0687,0.0672,0.0577,0.0477,0.0462,0.0481,0.0467,0.03
194707,0.0837,0.0819,0.0701,0.0706,0.0643,0.0672,0.0421,0.066,0.0471,0.028,0.03
194708,-0.0086,-0.0124,-0.0167,-0.0109,-0.0151,-0.021,-0.0307,-0.0146,-0.0196,-0.0227,0.03
194709,0.0121,0.0001,-0.0064,0.0212,0.0084,-0.0009,-0.0043,0.0031,0.0014,0.0212,0.06
194710,0.0617,0.0473,0.0465,0.038,0.0264,0.025,0.0317,0.0292,0.0282,0.0052,0.06
194711,-0.0352,-0.0346,-0.0202,-0.018,-0.0337,-0.0213,-0.0303,-0.0264,-0.0304,-0.0462,0.06
194712,0.0297,0.019,0.0184,0.0103,0.0183,0.0243,0.0119,0.0316,0.0298,0.0372,0.08
194801,0.0371,0.0052,-0.0079,-0.018,-0.0147,-0.0247,-0.0281,-0.0349,-0.0467,-0.0387,0.07
194802,-0.0497,-0.0489,-0.0608,-0.0674,-0.0602,-0.0579,-0.065,-0.0661,-0.0541,-0.0616,0.07
194803,0.1219,0.1291,0.113,0.1112,0.1018,0.101,0.0709,0.0751,0.0733,0.0534,0.09
194804,0.0411,0.0198,0.044,0.0399,0.0463,0.0357,0.0396,0.0442,0.038,0.0419,0.08
194805,0.1021,0.0943,0.0948,0.0938,0.0889,0.0779,0.083,0.0934,0.0693,0.076,0.08
194806,-0.0022,-0.0015,-0.0112,-0.017,0.0015,0.0018,-0.0233,-0.0173,-0.0279,-0.0262,0.09
194807,-0.0375,-0.0504,-0.0541,-0.0456,-0.0491,-0.0428,-0.0506,-0.0526,-0.0666,-0.0804,0.08
194808,-0.0034,0.0062,0.005,-0.001,-0.0086,-0.0063,-0.0009,0.0019,-0.0067,-0.0071,0.09
194809,-0.0465,-0.0454,-0.045,-0.032,-0.0422,-0.0284,-0.0369,-0.0392,-0.0461,-0.0586,0.04
194810,0.0778,0.0617,0.0574,0.053,0.0604,0.0375,0.0512,0.0443,0.0463,0.0432,0.04
194811,-0.1079,-0.0884,-0.0932,-0.0938,-0.0983,-0.1133,-0.1123,-0.1051,-0.1174,-0.1318,0.04
194812,0.0099,0.0228,0.0106,0.0192,0.0133,0.0157,0.0108,0.0081,0.005,0.0113,0.04
194901,0.0628,0.0365,0.031,0.028,0.024,0.0108,0.0184,0.0037,-0.0045,-0.027,0.1
194902,-0.053,-0.045,-0.0326,-0.0457,-0.0386,-0.0392,-0.0373,-0.0339,-0.0328,-0.0514,0.09
194903,0.0983,0.0699,0.0678,0.0575,0.063,0.0442,0.0484,0.0473,0.0506,0.0462,0.1
194904,-0.0348,-0.0305,-0.0339,-0.0114,-0.0327,-0.0343,-0.0319,-0.0334,-0.0292,-0.0413,0.09
194905,-0.07,-0.0613,-0.0383,-0.0469,-0.0468,-0.0346,-0.0338,-0.0199,-0.0291,-0.0501,0.1
194906,-0.0003,-0.0213,-0.0122,-0.0104,-0.0098,-0.0169,-0.0063,-0.0026,-0.0061,0.0074,0.1
194907,0.0898,0.0764,0.0764,0.0624,0.0514,0.0541,0.0543,0.0604,0.0505,0.0455,0.09
194908,0.0305,0.0419,0.0267,0.0249,0.0195,0.0324,0.0256,0.0177,0.0202,0.013,0.09
194909,0.0583,0.055,0.0431,0.0367,0.0462,0.0343,0.0377,0.0463,0.044,0.0275,0.09
194910,0.0521,0.0507,0.0352,0.0392,0.039,0.0425,0.037,0.0365,0.032,0.0269,0.09
194911,-0.0056,0.0166,0.018,0.0237,0.0112,0.0175,0.0013,0.0126,0.0074,-0.0088,0.08
194912,0.1028,0.0877,0.0794,0.0791,0.0744,0.055,0.0536,0.056,0.0686,0.0498,0.09
195001,0.0555,0.0408,0.0447,0.0316,0.041,0.031,0.0431,0.0408,0.0407,0.0293,0.09
195002,0.0209,0.0213,0.028,0.0095,0.0165,0.0148,0.0134,0.0129,0.0109,0.0126,0.09
195003,-0.0086,0.0146,0.0097,0.0003,-0.0092,-0.0043,-0.0093,0.0107,-0.0125,-0.0144,0.1
195004,0.081,0.0632,0.0521,0.0357,0.0387,0.0449,0.0296,0.0378,0.0473,0.047,0.09
195005,0.0476,0.0247,0.0309,0.0378,0.0432,0.0423,0.0369,0.0461,0.0261,0.0007,0.1
195006,-0.075,-0.0753,-0.0691,-0.0728,-0.0641,-0.0612,-0.0721,-0.079,-0.0827,-0.1002,0.1
195007,0.0873,0.0816,0.0492,0.0328,0.0417,0.0502,0.0461,0.0365,0.0366,0.047,0.1
195008,0.0776,0.0659,0.065,0.0632,0.0515,0.0613,0.0502,0.0549,0.0087,0.0043,0.1
195009,0.048,0.065,0.0522,0.0621,0.061,0.0474,0.0529,0.0566,0.0512,0.0476,0.1
195010,0.0187,0.0001,0.0117,0.0026,0.0012,-0.0037,0.0004,-0.0204,-0.0218,-0.0382,0.12
195011,0.0306,0.0257,0.0397,0.0297,0.0312,0.044,0.0327,0.029,0.0314,0.0261,0.11
195012,0.0787,0.0617,0.057,0.0625,0.0761,0.0859,0.0893,0.0996,0.1126,0.1227,0.11
195101,0.0857,0.085,0.0869,0.0799,0.0893,0.0836,0.0907,0.0669,0.0474,0.0385,0.13
195102,0.0163,0.0242,0.0242,0.0238,0.0156,0.0072,0.0054,0.0091,0.0056,-0.0144,0.1
195103,-0.0269,-0.0429,-0.0341,-0.0285,-0.0366,-0.0272,-0.0284,-0.0319,-0.0357,-0.0448,0.11
195104,0.0578,0.0539,0.0431,0.0457,0.0439,0.0348,0.0261,0.0326,0.0187,0.0451,0.13
195105,-0.0282,-0.0175,-0.015,-0.0167,-0.023,-0.0231,-0.0246,-0.03,-0.0282,-0.0402,0.12
195106,-0.0731,-0.049,-0.0533,-0.0385,-0.0384,-0.0414,-0.0358,-0.0187,-0.0397,-0.0572,0.12
195107,0.111,0.0834,0.0769,0.0618,0.0489,0.054,0.0404,0.05,0.0386,0.0626,0.13
195108,0.0438,0.0492,0.0378,0.047,0.0571,0.0483,0.0486,0.0526,0.0436,0.0436,0.13
195109,0.0327,0.0316,0.0237,0.0195,0.0267,0.0231,0.0148,0.0187,0.0307,0.0069,0.12
195110,-0.0156,-0.0116,-0.0117,-0.0169,-0.0225,-0.0242,-0.0295,-0.0375,-0.0277,-0.044,0.16
195111,0.0239,0.0094,0.0098,0.0066,0.0071,0.0038,0.0085,0.01,-0.0004,-0.0086,0.11
195112,0.0128,0.0128,0.0132,0.0142,0.0161,0.0206,0.0202,0.0146,0.0068,0.0189,0.12
195201,0.0244,0.0295,0.0191,0.0248,0.0224,0.0158,0.021,0.0188,0.0026,-0.0067,0.15
195202,-0.0247,-0.0187,-0.0089,-0.0148,-0.0212,-0.015,-0.0262,-0.0227,-0.025,-0.0284,0.12
195203,0.026,0.0338,0.0367,0.0362,0.0304,0.0279,0.0312,0.028,0.0288,0.0054,0.11
195204,-0.0482,-0.0443,-0.0481,-0.0397,-0.0395,-0.0378,-0.0374,-0.0398,-0.0595,-0.0553,0.12
195205,0.0327,0.0254,0.0337,0.0172,0.0324,0.0146,0.0271,0.0211,0.0212,0.0185,0.13
195206,0.0359,0.0326,0.0393,0.0215,0.0348,0.0299,0.0291,0.0295,0.0289,0.0263,0.15
195207,0.0167,0.0094,0.0112,0.0225,0.0175,0.0228,0.0073,0.0048,-0.0002,-0.0078,0.15
195208,0.0061,-0.0082,0.0005,-0.0043,-0.0004,0.0071,0.0064,0.0039,-0.0016,-0.0053,0.15
195209,-0.0209,-0.0202,-0.018,-0.0188,-0.0127,-0.0133,-0.0062,-0.0094,-0.0052,-0.0275,0.16
195210,-0.0117,-0.0082,-0.0123,-0.0083,-0.0088,-0.012,-0.0187,-0.007,-0.0132,-0.0136,0.14
195211,0.0623,0.0722,0.0677,0.0486,0.0496,0.0547,0.0509,0.0572,0.0481,0.0471,0.1
195212,0.0225,0.0363,0.0413,0.024,0.0222,0.0246,0.0184,0.0121,0.0152,0.0115,0.16
195301,0.0537,0.0372,0.0243,0.0282,0.0248,0.0161,0.0176,0.0167,0.0133,0.0163,0.16
195302,0.0161,0.0006,0.0069,0.02,0.0112,0.0038,0.0151,0.0116,0.0176,0.0203,0.14
195303,-0.0093,-0.0121,-0.0115,-0.0055,0.0026,0.0087,-0.0133,-0.0098,-0.012,-0.0421,0.18
195304,-0.0295,-0.0198,-0.0171,-0.0194,-0.0239,-0.0222,-0.0267,-0.0281,-0.0221,-0.0242,0.16
195305,0.0045,0.0072,0.002,0.0062,0.0112,0.0059,0.004,0.0069,0.0079,0.0037,0.17
195306,-0.0241,-0.0335,-0.0342,-0.0353,-0.0331,-0.0313,-0.0289,-0.0317,-0.0328,-0.0354,0.18
195307,0.0121,0.0228,0.0231,0.0196,0.0173,0.0204,0.0177,0.016,0.0094,0.0173,0.15
195308,-0.0553,-0.0621,-0.0491,-0.0414,-0.0457,-0.042,-0.0525,-0.0525,-0.0466,-0.0651,0.17
195309,-0.019,-0.0149,-0.0094,-0.0174,-0.0072,-0.0053,-0.0122,-0.0084,-0.0097,-0.0044,0.16
195310,0.0337,0.0489,0.0329,0.0401,0.0365,0.0325,0.0378,0.0435,0.0353,0.0325,0.13
195311,0.0272,0.0223,0.0149,0.023,0.0178,0.0219,0.0215,0.0312,0.0235,0.0092,0.08
195312,-0.0421,-0.027,-0.0164,-0.0042,-0.0092,-0.0069,0.0002,0.0011,-0.0139,-0.0259,0.13
195401,0.1358,0.0964,0.1027,0.0648,0.0647,0.063,0.051,0.0535,0.0382,0.0413,0.11
195402,0.0291,0.0171,0.023,0.0119,0.0105,0.0141,0.0224,0.005,0.0101,-0.0072,0.07
195403,0.0347,0.0243,0.0445,0.0259,0.0236,0.0196,0.0204,0.0227,0.0315,0.0367,0.08
195404,0.004,0.0102,0.0266,0.0168,0.0108,0.0192,0.023,0.0221,0.0259,0.0062,0.09
195405,0.0803,0.0524,0.048,0.0441,0.0354,0.0243,0.0439,0.0337,0.035,0.0293,0.05
195406,0.023,0.021,0.0254,0.01,0.0148,0.0128,0.009,0.0112,0.0026,-0.0052,0.06
195407,0.0539,0.0868,0.0841,0.0753,0.0764,0.0803,0.0658,0.0686,0.0595,0.0712,0.05
195408,0.0154,0.0008,-0.0026,-0.0012,-0.0083,-0.0145,-0.0276,-0.0218,-0.0138,-0.021,0.05
195409,0.053,0.0539,0.0506,0.0424,0.0458,0.0367,0.0269,0.0448,0.0368,0.0424,0.09
195410,-0.0133,-0.0013,-0.0059,-0.0044,-0.0116,-0.0056,-0.0166,-0.0061,-0.0018,-0.0061,0.07
195411,0.0975,0.0976,0.0819,0.0895,0.0956,0.0793,0.0974,0.096,0.089,0.0948,0.06
195412,0.1109,0.0916,0.074,0.1036,0.079,0.0878,0.0897,0.0781,0.0863,0.0823,0.08
195501,0.0144,0.0251,0.0252,0.0189,0.0141,0.0189,0.008,0.0154,0.01,-0.0029,0.08
195502,0.0351,0.0475,0.0535,0.0449,0.051,0.037,0.0376,0.0379,0.0368,0.0443,0.09
195503,0.0209,0.0116,0.0025,0.0067,-0.0075,0.0019,-0.0027,0.0013,-0.0084,-0.019,0.1
195504,0.0173,0.0245,0.0355,0.0261,0.035,0.0268,0.0194,0.0298,0.0141,0.0039,0.1
195505,-0.0066,0.0105,0.0137,0.016,0.0128,0.0013,0.0174,0.0009,0.0088,-0.0066,0.14
195506,0.0327,0.0363,0.0474,0.0304,0.0326,0.033,0.0291,0.0432,0.0367,0.0273,0.1
195507,0.0032,0.0024,0.0191,0.0143,-0.0002,0.014,0.0194,-0.0028,0.0033,-0.0005,0.1
195508,0.0154,0.0081,0.0109,0.0073,-0.0056,-0.0029,0.0148,0.0109,0.0024,-0.0049,0.16
195509,-0.0048,-0.0074,-0.0014,0.0005,-0.0128,-0.0056,-0.0086,-0.0087,-0.0108,-0.0223,0.16
195510,-0.0234,-0.0187,-0.0187,-0.0143,-0.0094,-0.014,-0.0156,-0.0097,-0.016,-0.0328,0.18
195511,0.0764,0.0797,0.0589,0.0519,0.0494,0.0414,0.0597,0.0449,0.0411,0.045,0.17
195512,0.0275,0.0175,0.0159,0.0194,0.0238,0.0211,0.0377,0.012,0.0319,0.0187,0.18
195601,-0.0129,-0.0066,-0.02,-0.0068,-0.0179,-0.0217,-0.0206,-0.0288,-0.0319,-0.0403,0.22
195602,0.0453,0.0559,0.045,0.0403,0.0326,0.0375,0.0254,0.0264,0.0116,0.013,0.19
195603,0.0364,0.0399,0.0347,0.0421,0.0533,0.0592,0.0637,0.0564,0.0612,0.0676,0.15
195604,0.0051,0.0089,0.001,-0.0031,0.0004,0.0039,0.0006,0.0092,0.0148,0.0016,0.19
195605,-0.0363,-0.0356,-0.0318,-0.0308,-0.0366,-0.039,-0.0413,-0.0378,-0.0448,-0.0666,0.23
195606,0.0186,0.0291,0.0223,0.0242,0.0201,0.0203,0.0169,0.0245,0.0262,0.0146,0.2
195607,0.0269,0.0389,0.0387,0.0427,0.0369,0.0331,0.0542,0.0475,0.0336,0.0432,0.22
195608,-0.0112,-0.009,-0.0148,-0.006,-0.0227,-0.0181,-0.0126,-0.0296,-0.0313,-0.0264,0.17
195609,-0.0576,-0.0402,-0.0332,-0.0334,-0.0314,-0.0352,-0.0309,-0.0315,-0.0293,-0.0359,0.18
195610,0.0095,0.0054,-0.0003,0.0214,0.007,0.0079,0.0064,0.0024,0.0026,0.0082,0.25
195611,-0.0099,0.004,-0.0107,-0.0032,0.0079,0.0004,0.0096,0.0173,0.0048,0.0361,0.2
195612,0.013,0.0277,0.0266,0.0269,0.0252,0.0209,0.0266,0.0278,0.023,0.0125,0.24
195701,0.0312,0.0214,0.0115,0.0121,0.0186,0.0069,-0.0041,-0.0128,-0.0253,-0.0333,0.27
195702,-0.0264,-0.0275,-0.0159,-0.023,-0.0229,-0.0168,-0.0184,-0.0157,-0.0248,-0.0359,0.24
195703,0.0219,0.0374,0.0274,0.0213,0.0237,0.0206,0.0196,0.0212,0.0155,0.0153,0.23
195704,0.0224,0.0184,0.0189,0.0302,0.0216,0.0208,0.0325,0.032,0.0327,0.0275,0.25
195705,0.0286,0.0164,0.0197,0.014,0.0192,0.0219,0.0346,0.0247,0.0252,0.0133,0.26
195706,0.0002,-0.0043,-0.0086,-0.0142,-0.0103,-0.0159,-0.0098,-0.0051,0.0002,-0.0073,0.24
195707,0.0042,0.0027,0.0117,0.0211,0.0053,0.0071,0.0068,-0.0003,0.0061,-0.0072,0.3
195708,-0.0581,-0.0504,-0.0412,-0.0425,-0.0394,-0.0429,-0.0489,-0.0592,-0.0585,-0.0513,0.25
195709,-0.0846,-0.0714,-0.0732,-0.0564,-0.0505,-0.0485,-0.0435,-0.0348,-0.0344,-0.0342,0.26
195710,-0.0983,-0.0902,-0.0798,-0.0633,-0.0625,-0.0563,-0.0455,-0.05,-0.0514,-0.0549,0.29
195711,0.0077,0.0182,0.0221,0.0153,0.0156,0.025,0.0212,0.0263,0.0237,0.0334,0.28
195712,-0.0835,-0.0615,-0.0504,-0.0311,-0.035,-0.0378,-0.0372,-0.0419,-0.0431,-0.0683,0.24
195801,0.2105,0.1298,0.1361,0.1237,0.0887,0.1065,0.0839,0.0718,0.0592,0.0606,0.28
195802,-0.0003,0.002,0.0045,-0.0009,0.0046,-0.0093,-0.019,-0.0164,-0.0242,-0.0549,0.12
195803,0.0581,0.0447,0.0395,0.0293,0.0321,0.0317,0.0241,0.0319,0.0384,0.0276,0.09
195804,0.0297,0.0336,0.0378,0.0257,0.0372,0.0313,0.0343,0.0246,0.025,0.0234,0.08
195805,0.0414,0.049,0.0385,0.0473,0.0278,0.0393,0.0445,0.0241,0.0356,0.0447,0.11
195806,0.0451,0.0384,0.0404,0.0312,0.0353,0.0316,0.0284,0.017,0.0244,0.0301,0.03
195807,0.0756,0.074,0.0626,0.0636,0.0467,0.0502,0.0489,0.048,0.0447,0.029,0.07
195808,0.0502,0.0367,0.0214,0.0256,0.0288,0.0197,0.0263,0.0285,0.0403,0.0209,0.04
195809,0.0702,0.0637,0.0648,0.048,0.0506,0.0434,0.0523,0.0425,0.0537,0.0366,0.19
195810,0.0376,0.0451,0.0293,0.0338,0.02,0.0321,0.0375,0.0238,0.0267,0.0363,0.18
195811,0.0431,0.0491,0.0477,0.046,0.0474,0.0437,0.0347,0.0378,0.0327,0.047,0.11
195812,0.0348,0.056,0.0447,0.0521,0.0422,0.0503,0.0387,0.0341,0.0271,0.0076,0.22
195901,0.0585,0.0478,0.0508,0.0447,0.0607,0.0443,0.038,0.0276,0.0205,0.0289,0.21
195902,0.0394,0.031,0.0371,0.037,0.0401,0.0311,0.0145,0.0162,0.0306,0.01,0.19
195903,0.0243,0.013,0.0117,0.0159,0.0067,-0.0036,0.0209,-0.0013,0.0154,0.0132,0.22
195904,0.0262,0.0354,0.0182,0.0254,0.0376,0.0314,0.0275,0.025,0.0117,0.0283,0.2
195905,0.0109,0.0103,0.0066,0.0169,-0.0014,0.0026,0.0032,0.012,0.013,-0.0022,0.22
195906,-0.0048,0.0096,0.0042,0.0105,0.0081,0.0076,0.0053,0.0066,0.0033,-0.0031,0.25
195907,0.0325,0.0238,0.0315,0.0298,0.0286,0.0301,0.0394,0.0336,0.0287,0.0296,0.25
195908,-0.0282,-0.018,-0.0049,-0.0068,-0.0164,-0.0034,-0.0225,-0.0118,-0.0084,-0.023,0.19
195909,-0.0451,-0.0537,-0.0436,-0.0537,-0.0389,-0.0425,-0.0407,-0.0322,-0.0528,-0.0502,0.31
195910,0.0378,0.0356,0.0221,0.0021,0.0236,0.0257,0.0172,0.0172,0.0162,0.0175,0.3
195911,0.0357,0.0039,0.0041,0.0082,0.0096,0.0046,0.0227,0.0211,0.0156,0.0327,0.26
195912,0.0234,0.0439,0.0268,0.023,0.0201,0.019,0.028,0.0242,0.0197,-0.0103,0.34
196001,-0.0387,-0.0176,-0.0244,-0.0322,-0.0347,-0.0376,-0.0374,-0.0499,-0.0495,-0.0705,0.33
196002,0.0139,0.0194,0.017,0.0113,0.0254,0.009,0.002,-0.0014,0.0005,-0.0076,0.29
196003,-0.0321,-0.0288,-0.0347,-0.0148,-0.0202,-0.013,-0.0187,-0.0215,-0.0358,-0.0275,0.35
196004,-0.0271,-0.0377,-0.0186,-0.0156,-0.0262,-0.0231,-0.0187,-0.006,-0.0105,-0.0142,0.19
196005,0.0368,0.0276,0.0032,0.0086,0.015,0.013,0.004,0.0334,0.046,0.0689,0.27
196006,0.0156,0.0306,0.0253,0.0328,0.023,0.015,0.0247,0.0214,0.0168,0.0197,0.24
196007,-0.0086,-0.014,-0.0258,-0.0104,-0.0037,-0.0091,-0.0168,-0.0249,-0.0256,-0.0493,0.13
196008,0.0526,0.0325,0.0313,0.0338,0.0461,0.0331,0.0367,0.0373,0.0367,0.0418,0.17
196009,-0.0698,-0.0608,-0.0524,-0.0629,-0.05,-0.0591,-0.0526,-0.0595,-0.0571,-0.0829,0.16
196010,-0.0533,-0.0366,-0.0181,-0.0114,-0.0147,-0.0206,-0.0173,-0.0215,-0.0262,-0.0134,0.22
196011,0.0605,0.05,0.0517,0.043,0.0519,0.0426,0.0365,0.0411,0.0473,0.0444,0.13
196012,0.0455,0.0397,0.0412,0.0364,0.0383,0.0379,0.0358,0.0452,0.0355,0.0303,0.16
196101,0.0897,0.1053,0.1068,0.0845,0.0886,0.0788,0.0775,0.0756,0.0648,0.0497,0.19
196102,0.0713,0.0661,0.0694,0.0564,0.0627,0.0558,0.0629,0.0642,0.0573,0.0462,0.14
196103,0.0618,0.0707,0.0376,0.0467,0.054,0.0563,0.0452,0.0392,0.0383,0.0548,0.2
196104,0.0268,0.0239,0.0126,0.0145,0.0052,0.0039,0.0032,-0.0018,-0.0034,0.0059,0.17
196105,0.0441,0.0663,0.0577,0.0427,0.0491,0.0442,0.0365,0.037,0.0162,0.0295,0.18
196106,-0.0371,-0.0293,-0.0347,-0.0293,-0.0331,-0.0309,-0.0576,-0.0497,-0.0565,-0.0677,0.2
196107,0.0149,0.017,0.0208,0.0127,0.0178,0.0137,-0.0001,0.0141,0.007,-0.0029,0.18
196108,0.0182,0.0217,0.0216,0.0271,0.0338,0.0247,0.0204,0.0175,0.0179,0.0111,0.14
196109,-0.0407,-0.0461,-0.0303,-0.0335,-0.0228,-0.0286,-0.0257,-0.0091,-0.0203,-0.0341,0.17
196110,0.0002,0.0315,0.0109,0.0209,0.0246,0.0264,0.0333,0.024,0.0282,0.0157,0.19
196111,0.0496,0.0544,0.0357,0.0449,0.0407,0.0442,0.0491,0.0493,0.0394,0.0672,0.15
196112,0.022,0.0071,-0.0047,0.0047,0.0001,-0.0022,-0.001,-0.0123,-0.0191,-0.0339,0.19
196201,-0.005,-0.0053,-0.0172,-0.0139,-0.0062,0.0049,-0.0012,-0.0152,0.0006,-0.0255,0.24
196202,0.0195,0.0146,0.0258,0.0204,0.0198,0.017,0.0087,0.0067,0.0195,0.0041,0.2
196203,-0.0085,-0.0024,-0.0093,0.004,-0.0003,-0.0027,-0.0083,-0.009,-0.0118,-0.015,0.2
196204,-0.0786,-0.0643,-0.0677,-0.0683,-0.0714,-0.0702,-0.065,-0.0538,-0.0673,-0.0807,0.22
196205,-0.1075,-0.094,-0.1025,-0.0956,-0.0944,-0.0885,-0.0896,-0.1018,-0.1037,-0.1114,0.24
196206,-0.1087,-0.0912,-0.0903,-0.0917,-0.086,-0.0815,-0.0763,-0.0799,-0.0798,-0.0724,0.2
196207,0.0937,0.0815,0.0668,0.0699,0.0572,0.0736,0.0569,0.0517,0.0554,0.0358,0.27
196208,0.0269,0.0335,0.0277,0.0288,0.0262,0.0367,0.0324,0.0377,0.0179,0.023,0.23
196209,-0.0677,-0.0542,-0.0513,-0.0471,-0.0469,-0.0506,-0.0633,-0.0784,-0.0804,-0.1003,0.21
196210,-0.0714,-0.0458,-0.0517,-0.04,-0.0258,-0.024,-0.0201,-0.0374,-0.0301,-0.0305,0.25
196211,0.1374,0.1522,0.1371,0.1195,0.1177,0.1085,0.0966,0.1048,0.1119,0.0998,0.2
196212,-0.0181,-0.0021,-0.0089,-0.0069,-0.0252,-0.0182,-0.0219,-0.0414,-0.0396,-0.0792,0.23
196301,0.1391,0.1091,0.0856,0.0949,0.0841,0.0769,0.065,0.0686,0.0528,0.0358,0.25
196302,-0.0013,-0.0109,-0.0084,-0.0066,-0.0151,-0.0099,-0.0192,-0.0114,-0.0223,-0.042,0.23
196303,0.0075,0.0161,0.0223,0.0183,0.0148,0.0208,0.0083,0.0099,0.0085,-0.0039,0.23
196304,0.0107,0.0223,0.0368,0.0279,0.0304,0.0428,0.0327,0.0307,0.0308,0.0205,0.25
196305,0.0375,0.0349,0.0227,0.0336,0.0289,0.0301,0.0372,0.0235,0.0287,0.04,0.24
196306,0.0119,0.0002,-0.0052,-0.0099,-0.0081,-0.0093,-0.0216,-0.0194,-0.0247,-0.0247,0.23
196307,0.0167,-0.003,-0.0099,-0.0144,-0.0094,-0.01,-0.0105,-0.0141,-0.0023,-0.016,0.27
196308,0.0513,0.042,0.0446,0.045,0.0497,0.0378,0.043,0.0365,0.0443,0.0361,0.25
196309,0.0046,0.0053,0.0025,-0.0179,-0.0148,-0.0212,-0.0177,-0.0151,-0.0229,-0.032,0.27
196310,0.0199,0.0296,0.0111,0.0116,0.0187,0.0099,0.0037,0.0085,0.0029,0.0085,0.29
196311,-0.0121,-0.0117,-0.0127,-0.013,-0.0143,-0.0084,-0.0232,-0.0201,-0.0176,-0.0319,0.27
196312,-0.0136,0.0015,-0.002,0.0019,-0.0025,0.0115,-0.0116,0.0061,-0.0087,-0.0166,0.29
196401,0.0609,0.0287,0.0271,0.0321,0.0373,0.0258,0.0244,0.0209,0.0175,0.0184,0.3
196402,0.0257,0.0342,0.0316,0.028,0.033,0.0132,0.0223,0.0318,0.0149,0.0272,0.26
196403,0.0392,0.0319,0.0349,0.0231,0.0242,0.0287,0.0277,0.0423,0.0113,0.0047,0.31
196404,0.0152,0.0086,0.012,0.0121,0.015,-0.0002,0.0005,-0.006,-0.0265,-0.0401,0.29
196405,0.0048,-0.0028,-0.0004,0.0061,0.0088,0.0069,0.0161,0.0123,0.0002,0.0128,0.26
196406,0.0079,0.0181,0.0137,0.0149,0.0068,0.0067,0.0152,0.0085,0.0103,0.0141,0.3
196407,0.038,0.0337,0.0384,0.0312,0.0323,0.033,0.0319,0.0204,0.0261,0.0108,0.3
196408,-0.0029,0.005,-0.0079,-0.008,-0.0065,0.0018,-0.0127,-0.0004,-0.0063,-0.0175,0.28
196409,0.0531,0.039,0.0323,0.0393,0.0383,0.0351,0.0431,0.0237,0.0285,0.04,0.28
196410,0.0388,0.0203,0.0269,0.0166,0.0146,0.0298,0.0108,0.0157,0.0139,-0.0038,0.29
196411,-0.0061,-0.0015,-0.0029,0.009,0.0091,0.0052,0.0123,-0.001,-0.0011,-0.014,0.29
196412,-0.0208,-0.0141,-0.0072,-0.0176,-0.0166,-0.0007,-0.0064,-0.0058,0.0007,-0.0304,0.31
196501,0.126,0.0855,0.0604,0.0793,0.0589,0.0642,0.0489,0.0606,0.0606,0.0409,0.28
196502,0.0394,0.047,0.0284,0.0322,0.0299,0.0399,0.0315,0.0379,0.0283,0.0306,0.3
196503,0.0261,0.0263,0.0185,0.0364,0.014,0.0173,-0.0005,0.0071,-0.0014,0.0061,0.36
196504,0.0564,0.0485,0.0459,0.0354,0.0402,0.0354,0.0432,0.0445,0.0455,0.0292,0.31
196505,-0.0135,-0.0127,-0.0029,-0.004,-0.0117,0.0012,0.0125,-0.0077,-0.006,-0.0105,0.31
196506,-0.0909,-0.0819,-0.0805,-0.0729,-0.0706,-0.0656,-0.0752,-0.0781,-0.0917,-0.1139,0.35
196507,0.0427,0.0363,0.0336,0.0291,0.0348,0.0217,0.0144,0.0187,0.025,0.0168,0.31
196508,0.0462,0.0446,0.0391,0.0332,0.0442,0.0346,0.0393,0.0447,0.0481,0.0443,0.33
196509,0.0221,0.0246,0.0228,0.0405,0.0231,0.0391,0.0185,0.0296,0.0343,0.0238,0.31
196510,0.0679,0.0596,0.0441,0.0573,0.0378,0.0402,0.0491,0.0654,0.0708,0.0867,0.31
196511,0.0595,0.0343,0.0614,0.0325,0.0326,0.0416,0.0224,0.042,0.0356,0.0854,0.35
196512,0.0812,0.0477,0.0533,0.0329,0.0424,0.0495,0.0472,0.0322,0.0384,0.0165,0.33
196601,0.1033,0.0624,0.039,0.0793,0.0445,0.0437,0.0549,0.0696,0.0609,0.0566,0.38
196602,0.0288,0.022,0.0135,0.0195,0.0121,0.0162,0.0379,0.0457,0.0323,0.0549,0.35
196603,0.0223,-0.0133,-0.0183,-0.0174,-0.0257,-0.0046,-0.0252,-0.0106,-0.0086,-0.0091,0.38
196604,0.0596,0.054,0.0595,0.0469,0.0322,0.0324,0.0285,0.0357,0.0491,0.058,0.34
196605,-0.0871,-0.0604,-0.0651,-0.0641,-0.0604,-0.0699,-0.0982,-0.1012,-0.1106,-0.1274,0.41
196606,0.0059,-0.0037,-0.0097,-0.002,0.0042,-0.0034,-0.0127,-0.0146,-0.0001,-0.0237,0.38
196607,-0.0105,-0.0221,0.0013,-0.0158,-0.0218,-0.0108,-0.0218,-0.0235,-0.0172,-0.0192,0.35
196608,-0.1082,-0.0979,-0.1012,-0.104,-0.0894,-0.0954,-0.0859,-0.0951,-0.1016,-0.1178,0.41
196609,-0.0125,-0.013,-0.0152,-0.0195,-0.0206,-0.0187,-0.0201,-0.0249,-0.026,-0.0207,0.4
196610,-0.0377,-0.0242,-0.0225,-0.0052,0.0029,-0.012,0.0082,-0.0016,-0.0028,-0.0315,0.45
196611,0.1152,0.0465,0.0437,0.0325,0.0151,0.0154,0.0172,0.0121,0.0193,-0.0024,0.4
196612,0.0237,0.0156,0.0232,0.0309,0.0103,0.0123,0.0074,0.0159,0.0235,0.0121,0.4
196701,0.2806,0.1914,0.1584,0.1522,0.1635,0.1513,0.1371,0.1483,0.142,0.1489,0.43
196702,0.0389,0.035,0.0473,0.0543,0.0248,0.0441,0.0521,0.0361,0.0484,0.0525,0.36
196703,0.0846,0.0784,0.0698,0.0627,0.0554,0.0421,0.0485,0.0576,0.0505,0.0517,0.39
196704,0.0398,0.0568,0.0447,0.0287,0.0331,0.0367,0.0469,0.0411,0.0397,0.0501,0.32
196705,0.0053,0.0063,-0.0046,0.0088,-0.0084,-0.0123,-0.0091,-0.0047,-0.0135,-0.0329,0.33
196706,0.1133,0.0807,0.0818,0.0534,0.0691,0.0689,0.0716,0.0809,0.0856,0.109,0.27
196707,0.0836,0.0884,0.0636,0.0901,0.0901,0.1019,0.0847,0.0935,0.0885,0.0693,0.31
196708,0.0019,0.0188,0.0121,0.0128,0.0128,0.013,0.0177,-0.0019,-0.0087,0,0.31
196709,0.0853,0.0663,0.0505,0.0495,0.0557,0.0567,0.0617,0.0522,0.0658,0.071,0.32
196710,-0.0207,-0.0157,-0.0255,-0.0189,-0.0296,-0.0326,-0.0283,-0.0253,-0.0205,-0.008,0.39
196711,0.0149,0.0116,0.0026,-0.0041,0.0016,0.0018,-0.0029,0.0037,-0.0076,-0.0067,0.36
196712,0.1093,0.086,0.0851,0.0689,0.0454,0.0772,0.068,0.0723,0.091,0.0947,0.33
196801,0.0518,0.0411,0.0271,0.0224,0.0018,0.0299,0.0252,0.0198,0.0031,0.0108,0.4
196802,-0.07,-0.0646,-0.0547,-0.0471,-0.0438,-0.0401,-0.0473,-0.0538,-0.0449,-0.0802,0.39
196803,-0.0154,-0.0046,-0.0132,-0.0037,0.0078,-0.0173,-0.0155,-0.0169,-0.0067,-0.0119,0.38
196804,0.1799,0.1594,0.1271,0.1252,0.1245,0.1282,0.1439,0.1257,0.1607,0.1537,0.43
196805,0.1092,0.0684,0.0677,0.0994,0.0856,0.0824,0.1015,0.0887,0.0824,0.1209,0.45
196806,0.0275,0.0465,0.0335,0.0251,0.0369,0.0175,0.0047,0.0161,-0.0121,-0.0038,0.43
196807,-0.0339,-0.036,-0.0352,-0.0183,-0.0208,-0.0332,-0.0201,-0.0169,-0.0242,-0.0327,0.48
196808,0.0426,0.0411,0.042,0.0366,0.0361,0.0212,0.0307,0.0159,0.0277,0.054,0.42
196809,0.0803,0.0629,0.0664,0.0689,0.0543,0.0695,0.0699,0.0716,0.0624,0.0772,0.43
196810,0.0174,0.0231,0.0177,0.0225,0.0048,0.0189,0.0079,-0.003,-0.0179,-0.0105,0.44
196811,0.0829,0.0823,0.0758,0.0717,0.0797,0.0709,0.0561,0.0675,0.052,0.0709,0.42
196812,0.048,0.0164,0.0101,0.0096,0.0052,-0.0073,-0.014,-0.0236,-0.0227,-0.0059,0.43
196901,0.0079,0.0133,0.0092,-0.0038,-0.0038,-0.0148,-0.0057,-0.0169,-0.0145,-0.0052,0.53
196902,-0.0897,-0.0727,-0.0819,-0.0747,-0.0789,-0.0748,-0.0806,-0.0877,-0.093,-0.1157,0.46
196903,0.0299,0.0277,0.023,0.0187,0.0223,0.0024,0.0115,0.0077,0.0055,0.029,0.46
196904,-0.0029,0.0017,0.0024,0.0021,-0.0097,-0.0065,0.0013,0.0055,-0.0019,0.0348,0.53
196905,0.0209,0.0109,0.0059,0.0055,0.0101,-0.0081,-0.0027,-0.0053,-0.0156,0.007,0.48
196906,-0.1353,-0.1115,-0.1127,-0.0972,-0.0894,-0.0982,-0.1032,-0.1049,-0.1224,-0.1348,0.51
196907,-0.1111,-0.1036,-0.1028,-0.0983,-0.0868,-0.0854,-0.0827,-0.074,-0.081,-0.0956,0.53
196908,0.0811,0.0571,0.0558,0.057,0.0402,0.0539,0.0407,0.0345,0.0211,0.0508,0.5
196909,-0.0265,-0.023,-0.0128,-0.0281,-0.025,-0.0271,-0.0224,-0.0177,-0.0147,-0.0401,0.62
196910,0.1352,0.1035,0.0968,0.0994,0.0824,0.0921,0.0621,0.0762,0.0935,0.0703,0.6
196911,-0.0494,-0.0482,-0.0411,-0.0519,-0.0501,-0.0495,-0.0565,-0.0538,-0.0733,-0.0725,0.52
196912,-0.1165,-0.0791,-0.0748,-0.0712,-0.0503,-0.0522,-0.0483,-0.0583,-0.0365,-0.0324,0.64
197001,0.0069,-0.0288,-0.0377,-0.0464,-0.0586,-0.0502,-0.0558,-0.0597,-0.0791,-0.0673,0.6
197002,0.0479,0.0697,0.0443,0.0515,0.0652,0.0405,0.0402,0.0384,0.0286,0.0176,0.62
197003,-0.0299,-0.0201,-0.0221,-0.0122,-0.0115,-0.0173,-0.0142,-0.0316,-0.0323,-0.0445,0.57
197004,-0.2132,-0.1782,-0.1843,-0.1475,-0.1467,-0.1451,-0.1288,-0.1321,-0.142,-0.1557,0.5
197005,-0.0789,-0.1019,-0.1058,-0.0956,-0.0956,-0.097,-0.0888,-0.081,-0.0775,-0.0946,0.53
197006,-0.073,-0.0788,-0.0651,-0.0608,-0.0673,-0.077,-0.0696,-0.073,-0.0876,-0.105,0.58
197007,0.0859,0.0605,0.067,0.0682,0.0562,0.0595,0.0587,0.0478,0.0466,0.0303,0.52
197008,0.0965,0.0768,0.0626,0.0513,0.055,0.0585,0.0552,0.0453,0.0438,0.0464,0.53
197009,0.2002,0.1333,0.1359,0.1031,0.1187,0.1104,0.1065,0.113,0.1165,0.105,0.54
197010,-0.0317,-0.0079,-0.0217,-0.0249,-0.0255,-0.0414,-0.0575,-0.0529,-0.0917,-0.1318,0.46
197011,-0.03,-0.0228,0.0084,0.0118,0.0134,0.0103,0.0154,0.0256,0.0206,0.01,0.46
197012,0.0779,0.0897,0.1098,0.0897,0.0931,0.0841,0.0822,0.0806,0.0675,0.0666,0.42
197101,0.2137,0.1509,0.1325,0.1311,0.1353,0.1114,0.1072,0.1072,0.1036,0.1171,0.38
197102,0.0582,0.0543,0.0379,0.0419,0.0413,0.0418,0.0504,0.0587,0.048,0.0531,0.33
197103,0.0751,0.0612,0.0547,0.0619,0.0632,0.0646,0.0461,0.0708,0.0473,0.0373,0.3
197104,0.0382,0.0339,0.0333,0.03,0.0351,0.0331,0.0081,0.0306,0.0177,0.0135,0.28
197105,-0.0572,-0.0374,-0.0514,-0.058,-0.0471,-0.0451,-0.046,-0.0539,-0.0467,-0.0535,0.29
197106,-0.0276,-0.0217,-0.0152,-0.013,-0.0048,-0.0099,-0.0236,-0.0197,-0.0131,-0.0177,0.37
197107,-0.0639,-0.047,-0.0544,-0.0528,-0.0437,-0.0504,-0.0385,-0.0591,-0.064,-0.0794,0.4
197108,0.0675,0.0592,0.0639,0.0308,0.0336,0.0225,0.0379,0.0253,0.0375,0.0251,0.47
197109,-0.0001,-0.0023,-0.0047,-0.0025,-0.0118,-0.0062,-0.0104,-0.0103,-0.0086,-0.0024,0.37
197110,-0.0733,-0.0546,-0.0593,-0.0557,-0.042,-0.0459,-0.0563,-0.0519,-0.0648,-0.0671,0.37
197111,-0.0283,-0.0366,-0.0448,-0.0402,-0.0278,-0.0376,-0.0264,-0.0275,-0.0254,-0.0412,0.37
197112,0.1509,0.1377,0.1321,0.1177,0.1114,0.1115,0.0873,0.1044,0.1032,0.0944,0.37
197201,0.1637,0.0887,0.1122,0.0867,0.0982,0.0767,0.0881,0.0915,0.09,0.1128,0.29
197202,0.0467,0.051,0.0354,0.0414,0.0442,0.0465,0.0353,0.0414,0.0446,0.0391,0.25
197203,0.0039,0.0154,0.0093,0.0056,0.0041,0.007,-0.0051,0.0035,-0.0131,-0.0203,0.27
197204,-0.0041,-0.0008,0.0117,-0.0036,0.0083,0.0007,0.0058,0.0202,-0.0096,0.0008,0.29
197205,-0.0344,-0.0229,-0.0115,-0.0202,-0.0189,-0.0013,-0.0172,-0.0138,-0.0218,-0.0155,0.3
197206,-0.0334,-0.0383,-0.0434,-0.0512,-0.0349,-0.0318,-0.028,-0.0351,-0.0304,-0.025,0.29
197207,-0.0395,-0.0352,-0.0272,-0.0312,-0.0314,-0.0275,-0.0277,-0.0151,-0.0261,-0.0415,0.31
197208,0.012,0.0051,0.0164,0.0224,0.0197,0.0104,0.012,0.0148,0.0112,-0.0016,0.29
197209,-0.0248,-0.0358,-0.0364,-0.0297,-0.0242,-0.0342,-0.0276,-0.0378,-0.0347,-0.0428,0.34
197210,-0.0161,-0.016,-0.0177,-0.0154,-0.0181,-0.006,-0.0148,0.0102,-0.0163,-0.0342,0.4
197211,0.0752,0.0619,0.0574,0.0548,0.0425,0.0488,0.0503,0.0459,0.0394,0.0216,0.37
197212,-0.0127,-0.0123,-0.0114,-0.007,-0.0144,-0.0162,-0.0289,-0.0289,-0.0422,-0.0531,0.37
197301,-0.0216,-0.0289,-0.0452,-0.0409,-0.0494,-0.0358,-0.0415,-0.0525,-0.0531,-0.0586,0.44
197302,-0.0887,-0.0902,-0.0811,-0.0829,-0.0742,-0.0696,-0.0728,-0.0641,-0.0604,-0.0823,0.41
197303,-0.0091,-0.031,-0.0288,-0.0326,-0.0459,-0.0371,-0.0281,-0.0272,-0.04,-0.046,0.46
197304,-0.0806,-0.0745,-0.0723,-0.0704,-0.0699,-0.0622,-0.0681,-0.0652,-0.0724,-0.0923,0.52
197305,-0.0888,-0.094,-0.0908,-0.0971,-0.0936,-0.0762,-0.076,-0.0719,-0.0593,-0.1012,0.51
197306,-0.0206,-0.0401,-0.0453,-0.0459,-0.0407,-0.0513,-0.047,-0.0456,-0.045,-0.0585,0.51
197307,0.2109,0.1516,0.1197,0.0989,0.0869,0.0819,0.0681,0.0632,0.0852,0.0674,0.64
197308,-0.0121,-0.0286,-0.0335,-0.0317,-0.0433,-0.0495,-0.0414,-0.0635,-0.0754,-0.0876,0.7
197309,0.0917,0.0861,0.0826,0.073,0.0813,0.0678,0.0551,0.067,0.0623,0.0616,0.68
197310,0.0088,0.0059,0.0101,-0.004,-0.0041,0.004,-0.0192,-0.0024,-0.0231,-0.0309,0.65
197311,-0.2083,-0.2056,-0.1787,-0.1743,-0.1593,-0.1615,-0.1659,-0.1698,-0.1716,-0.1856,0.56
197312,-0.0249,-0.0545,-0.0373,-0.0493,-0.0499,-0.0428,-0.0517,-0.0402,-0.0366,-0.0325,0.64
197401,0.2732,0.174,0.1367,0.1118,0.0881,0.1067,0.0764,0.07,0.0435,0.0369,0.63
197402,0.024,0.0064,0.0258,0.021,0.0163,0.0092,0.007,0.0062,-0.0039,-0.0222,0.58
197403,0.0384,0.0306,0.011,-0.0014,0.0211,-0.0001,0.002,-0.0012,-0.0055,-0.0181,0.56
197404,-0.0486,-0.046,-0.0646,-0.0625,-0.0548,-0.0449,-0.0602,-0.0416,-0.0494,-0.0691,0.75
197405,-0.0788,-0.0737,-0.0798,-0.0759,-0.0717,-0.0662,-0.0756,-0.0666,-0.0628,-0.0722,0.75
197406,-0.0162,-0.0291,-0.0329,-0.037,-0.0338,-0.0343,-0.0381,-0.0359,-0.0334,-0.0321,0.6
197407,-0.0416,-0.0448,-0.0594,-0.0495,-0.0459,-0.0573,-0.0615,-0.051,-0.0514,-0.0692,0.7
197408,-0.0606,-0.0843,-0.0787,-0.0898,-0.084,-0.0876,-0.0738,-0.0819,-0.0907,-0.099,0.6
197409,-0.04,-0.074,-0.0708,-0.083,-0.0838,-0.087,-0.088,-0.0862,-0.0842,-0.1126,0.81
197410,0.1779,0.1284,0.109,0.0952,0.0917,0.0746,0.0711,0.0426,0.0811,0.047,0.51
197411,-0.0412,-0.0438,-0.0377,-0.0509,-0.054,-0.0534,-0.0515,-0.056,-0.0626,-0.0605,0.54
197412,-0.0729,-0.0831,-0.0892,-0.081,-0.0774,-0.055,-0.0867,-0.0462,-0.0641,-0.0965,0.7
197501,0.4899,0.3604,0.304,0.2964,0.272,0.2391,0.2164,0.2047,0.1744,0.1704,0.58
197502,0.0925,0.0958,0.0799,0.0669,0.067,0.0511,0.0461,0.0442,0.0294,-0.0015,0.43
197503,0.1751,0.1063,0.0711,0.0834,0.043,0.077,0.0681,0.07,0.0717,0.0466,0.41
197504,0.0558,0.0348,0.041,0.0396,0.0483,0.0357,0.0428,0.0504,0.0305,-0.0128,0.44
197505,0.111,0.0884,0.0697,0.0711,0.0591,0.0622,0.0599,0.066,0.0695,0.0814,0.44
197506,0.0957,0.0857,0.0887,0.0759,0.0836,0.0734,0.0847,0.0664,0.0526,0.0295,0.41
197507,0.0212,-0.0086,0.0089,-0.0065,-0.0109,-0.012,0,-0.0116,-0.0324,-0.0509,0.48
197508,-0.0375,-0.0519,-0.0383,-0.0471,-0.0501,-0.0493,-0.0382,-0.0415,-0.0516,-0.0604,0.48
197509,-0.0424,-0.0391,-0.0426,-0.0341,-0.0325,-0.0357,-0.0298,-0.0278,-0.036,-0.0453,0.53
197510,0.0214,0.0104,0.0132,0.0155,0.0164,0.0125,0.0151,0.034,0.0271,0.0137,0.56
197511,0.0162,0.0064,0.0136,0.0117,0.0299,0.0399,0.0272,0.0256,0.0249,0.0231,0.41
197512,0.0323,0.005,-0.0069,-0.0032,-0.0084,-0.0079,-0.0043,-0.0242,-0.017,-0.0341,0.48
197601,0.2618,0.2192,0.1999,0.1983,0.1684,0.1622,0.1415,0.171,0.1665,0.1623,0.47
197602,0.1322,0.0894,0.0976,0.09,0.0956,0.1043,0.0932,0.1219,0.0996,0.1138,0.34
197603,0.0727,0.0366,0.0449,0.0153,0.0223,0.0222,0.0194,0.0081,0.0141,-0.0128,0.4
197604,0.012,0.0018,-0.0064,-0.0123,0.001,-0.0044,-0.0071,0,-0.0152,-0.0228,0.42
197605,-0.0205,-0.0239,-0.0285,-0.0197,-0.0189,-0.0141,-0.0083,-0.0093,-0.018,-0.0253,0.37
197606,0.0489,0.0262,0.0326,0.0158,0.0274,0.0284,0.0128,0.0301,0.0332,0.0221,0.43
197607,0.015,0.0063,0.0093,0.0187,0.008,0.0057,-0.0057,-0.0077,-0.0175,-0.0295,0.47
197608,-0.0267,-0.027,-0.0209,-0.0124,-0.0181,-0.0015,-0.0098,0.0034,-0.0125,-0.0201,0.42
197609,0.0188,0.0267,0.015,0.0131,0.0216,0.0113,0.0208,0.0242,0.0225,0.0157,0.44
197610,-0.0196,-0.0179,-0.0144,-0.0258,-0.0177,-0.0118,-0.0171,-0.0224,-0.0283,-0.0289,0.41
197611,0.0483,0.0285,0.0252,0.0246,0.0258,0.0207,0.0174,0.0186,0.0289,0.0167,0.4
197612,0.1537,0.1164,0.0931,0.072,0.0864,0.0793,0.0919,0.0776,0.0782,0.0802,0.4
197701,0.0634,0.0576,0.0338,0.0302,0.0319,0.0247,0.0265,0.0206,0.0267,0.029,0.36
197702,0.0142,0.0016,0.0019,0.0014,-0.0072,0.0139,-0.0002,0.0069,0.0025,-0.0042,0.35
197703,0.028,0.0098,0.0024,0.0111,0.0128,0.002,0.0286,0.0043,0.002,0.0023,0.38
197704,0.0312,0.0089,0.0073,0.0121,0.0122,0.0289,0.0179,0.0215,0.0145,0.0096,0.38
197705,0.0109,0.0058,0.0008,0.0087,-0.0037,0.0055,0.0074,0,0.0012,-0.0102,0.37
197706,0.0674,0.0666,0.0486,0.0501,0.051,0.0372,0.0524,0.0572,0.0517,0.0524,0.4
197707,0.0258,0.0282,0.0128,0.0127,0.0161,0.0016,0.0128,0.0013,-0.0106,-0.0047,0.42
197708,0.0081,-0.0046,-0.0101,-0.0088,-0.0094,-0.0067,-0.0148,-0.0034,-0.0035,0.0024,0.44
197709,0.0281,0.0149,0.0156,0.0083,0.0091,0.0033,0.0178,0.0128,0.0103,0.0088,0.43
197710,-0.0089,-0.0216,-0.0209,-0.0222,-0.0168,-0.0238,-0.0313,-0.0248,-0.0337,-0.0339,0.49
197711,0.1042,0.1004,0.0737,0.0749,0.0648,0.0562,0.0621,0.0487,0.0595,0.063,0.5
197712,0.0355,0.0215,0.0166,0.0187,0.0225,0.01,0.0134,0.0148,0.017,0.0253,0.49
197801,0.0295,-0.0128,-0.0143,-0.0271,0.0004,-0.0427,-0.0263,-0.0196,-0.0297,-0.0196,0.49
197802,0.0447,0.0214,0.0302,0.0248,0.0249,0.0186,0.02,0.0275,0.0188,0.0266,0.46
197803,0.0845,0.0662,0.0637,0.0501,0.0707,0.0531,0.0558,0.0655,0.0753,0.073,0.53
197804,0.0959,0.0735,0.0626,0.0825,0.0799,0.0829,0.0949,0.0837,0.0883,0.0728,0.54
197805,0.0973,0.0776,0.0595,0.067,0.0557,0.059,0.0658,0.0583,0.0699,0.0708,0.51
197806,0.0339,0.019,0.0255,0.0038,0.0115,0.0034,0.0031,-0.0047,-0.0014,-0.0032,0.54
197807,0.0744,0.0666,0.0614,0.0503,0.044,0.0391,0.0492,0.0492,0.0517,0.0412,0.56
197808,0.1232,0.1009,0.0722,0.0643,0.0939,0.0822,0.0913,0.0721,0.0966,0.0909,0.56
197809,0.0367,0.0174,0.0169,0.005,0.0138,0.0075,-0.0076,0.003,-0.0122,-0.0217,0.62
197810,-0.2272,-0.1905,-0.175,-0.1801,-0.157,-0.1393,-0.1361,-0.1537,-0.1786,-0.2147,0.68
197811,0.114,0.0923,0.0549,0.053,0.0227,0.0177,0.0039,0.0022,-0.0031,-0.0074,0.7
197812,0.0252,0.0181,0.0043,0.0082,0.0085,0.0248,0.0139,0.009,0.0191,0.0014,0.78
197901,0.1554,0.1216,0.1134,0.0835,0.0879,0.0768,0.0742,0.0684,0.0639,0.0598,0.77
197902,-0.0022,-0.0066,-0.0139,-0.0116,-0.0161,-0.0186,-0.0215,-0.0229,-0.0288,-0.0412,0.73
197903,0.1183,0.1014,0.0858,0.0841,0.083,0.0791,0.0709,0.0664,0.0695,0.0775,0.81
197904,0.0436,0.0215,0.0215,0.0281,0.0253,0.0415,0.0196,0.0287,0.0286,0.0198,0.8
197905,0.0033,-0.0069,-0.0022,-0.0163,-0.006,-0.0038,-0.007,-0.0101,-0.0159,-0.0215,0.82
197906,0.0727,0.0685,0.0621,0.0458,0.0522,0.0459,0.0392,0.0511,0.0593,0.0472,0.81
197907,0.0187,0.0317,0.0222,0.0302,0.0298,0.048,0.0271,0.0259,0.0161,0.0025,0.77
197908,0.0903,0.0744,0.0862,0.0698,0.0746,0.0765,0.0681,0.0766,0.0635,0.0633,0.77
197909,-0.0026,-0.0032,0.0039,-0.0025,-0.0043,0.0064,-0.0017,0.0099,-0.0088,-0.0157,0.83
197910,-0.1154,-0.1103,-0.0965,-0.101,-0.0963,-0.0971,-0.0806,-0.0808,-0.0905,-0.0986,0.87
197911,0.0975,0.0809,0.0674,0.0743,0.0684,0.0484,0.0619,0.0581,0.0464,0.043,0.99
197912,0.0856,0.0639,0.0399,0.0613,0.0505,0.0689,0.0486,0.0648,0.0679,0.0937,0.95
198001,0.134,0.0884,0.0636,0.0889,0.079,0.0841,0.0994,0.1161,0.0985,0.1372,0.8
198002,-0.0047,-0.009,0.0164,-0.0203,-0.0229,-0.0188,-0.0139,-0.0011,-0.0066,-0.0132,0.89
198003,-0.1653,-0.1347,-0.1477,-0.1394,-0.1439,-0.1487,-0.1567,-0.155,-0.1732,-0.2218,1.21
198004,0.0831,0.0733,0.0506,0.0453,0.0457,0.0288,0.0319,0.0339,0.0409,0.0404,1.26
198005,0.0874,0.0901,0.0604,0.0834,0.0816,0.0688,0.067,0.0737,0.0434,0.0497,0.81
198006,0.0667,0.0457,0.0539,0.0419,0.0353,0.0443,0.0431,0.0423,0.0384,0.0168,0.61
198007,0.1236,0.1161,0.0834,0.1044,0.0918,0.0846,0.0755,0.0892,0.0931,0.0709,0.53
198008,0.0729,0.0538,0.0517,0.0577,0.0639,0.0608,0.0711,0.0659,0.0768,0.079,0.64
198009,0.0733,0.0515,0.0408,0.0666,0.0369,0.0564,0.0509,0.0532,0.0421,0.0376,0.75
198010,0.0441,0.051,0.025,0.0513,0.0226,0.0413,0.0505,0.0347,0.0342,0.0745,0.95
198011,0.0647,0.0401,0.0467,0.0524,0.0504,0.048,0.0583,0.072,0.0858,0.1347,0.96
198012,-0.0206,-0.0243,-0.0195,-0.018,-0.0218,-0.0249,-0.0335,-0.0347,-0.0411,-0.0674,1.31
198101,0.0178,0.0098,0.0233,0,-0.0018,0.0106,-0.0051,0.0058,0.0028,-0.0125,1.04
198102,-0.0117,-0.0094,0.0009,0.0107,0.0179,0.0272,0.0181,0.0109,0.0047,-0.0141,1.07
198103,0.0727,0.0826,0.0678,0.0698,0.0728,0.0683,0.088,0.0672,0.0749,0.0687,1.21
198104,0.029,0.0279,0.0348,0.0266,0.0319,0.0297,0.0319,0.0278,0.0193,0.0356,1.08
198105,0.0196,0.0248,0.0191,0.0146,0.0185,0.0299,0.0235,0.025,0.038,0.0522,1.15
198106,-0.0204,0.0027,-0.0018,0.0156,0.0054,0.0108,-0.0027,-0.0077,-0.0303,-0.0506,1.35
198107,-0.0065,-0.0186,-0.0284,-0.0256,-0.0212,-0.0203,-0.0168,-0.0139,-0.0201,-0.0383,1.24
198108,-0.0943,-0.0857,-0.0815,-0.073,-0.0648,-0.0661,-0.0509,-0.0522,-0.0755,-0.09,1.28
198109,-0.1042,-0.0941,-0.0966,-0.1058,-0.0794,-0.0823,-0.0795,-0.0743,-0.065,-0.095,1.24
198110,0.1105,0.0962,0.0669,0.0646,0.0566,0.0501,0.0616,0.0403,0.0697,0.0542,1.21
198111,0.0188,0.0197,0.0218,0.0508,0.0335,0.0289,0.0244,0.0211,0.0054,-0.0109,1.07
198112,-0.0152,-0.0211,-0.0124,-0.0148,-0.0131,-0.0129,-0.0235,-0.0165,-0.0187,-0.0494,0.87
198201,-0.0028,-0.0213,-0.0163,-0.0156,-0.0227,-0.0153,-0.0134,-0.0157,-0.0159,-0.0382,0.8
198202,-0.0764,-0.053,-0.0546,-0.0451,-0.0354,-0.0343,-0.0282,-0.0258,-0.0359,-0.0583,0.92
198203,-0.0012,-0.025,-0.0105,-0.0137,-0.0147,-0.0164,-0.0136,-0.0079,-0.0024,-0.0213,0.98
198204,0.0698,0.0566,0.0595,0.0528,0.0552,0.0408,0.0529,0.0564,0.0532,0.0282,1.13
198205,-0.0157,-0.0169,-0.0102,-0.0174,-0.0157,-0.0144,-0.0189,-0.0317,-0.0308,-0.0547,1.06
198206,-0.0478,-0.039,-0.0299,-0.0322,-0.0393,-0.0266,-0.0344,-0.0242,-0.0253,-0.0421,0.96
198207,-0.0188,-0.0292,-0.0239,-0.018,-0.0178,-0.012,-0.0004,-0.0124,-0.0053,-0.0187,1.05
198208,0.084,0.0608,0.0639,0.0657,0.0621,0.0464,0.0709,0.0692,0.0727,0.0486,0.76
198209,0.0413,0.0472,0.0603,0.0425,0.0303,0.0256,0.0332,0.0132,0.0041,-0.021,0.51
198210,0.1664,0.1451,0.1366,0.1045,0.117,0.126,0.1288,0.1194,0.1301,0.1222,0.59
198211,0.0968,0.0756,0.0841,0.0994,0.0979,0.086,0.0852,0.0971,0.0997,0.1036,0.63
198212,0.0461,0.0219,0.0237,0.0303,0.027,0.0166,0.0074,0.0245,0.019,0.0057,0.67
198301,0.1944,0.1107,0.0882,0.0772,0.1236,0.066,0.0736,0.0824,0.0764,0.1206,0.69
198302,0.0672,0.0661,0.0564,0.0617,0.0518,0.0712,0.0715,0.0524,0.0582,0.0337,0.62
198303,0.0469,0.0462,0.0644,0.0554,0.0383,0.0548,0.0658,0.0528,0.0469,0.0454,0.63
198304,0.0961,0.0741,0.076,0.0788,0.0763,0.0827,0.0713,0.0732,0.0868,0.0782,0.71
198305,0.153,0.0818,0.0949,0.0957,0.0722,0.077,0.0734,0.0764,0.0761,0.0817,0.69
198306,0.0777,0.0531,0.0355,0.0689,0.0494,0.0478,0.0475,0.0471,0.0405,0.0304,0.67
198307,-0.0139,-0.0101,-0.0092,0.0074,-0.0108,-0.0117,-0.0159,-0.0253,-0.0373,-0.0424,0.74
198308,-0.0462,-0.0464,-0.0358,-0.0351,-0.0369,-0.0229,-0.017,-0.0242,-0.0281,-0.0377,0.76
198309,-0.0104,-0.0008,0.014,-0.0007,0.0132,0.0126,0.0167,0.0163,0.0086,-0.0165,0.76
198310,-0.0803,-0.0715,-0.0617,-0.0337,-0.0434,-0.0385,-0.0414,-0.0479,-0.0618,-0.0605,0.76
198311,0.0602,0.0399,0.0315,0.0278,0.025,0.0164,0.0068,0.0278,0.0205,0.0034,0.7
198312,-0.0234,-0.0136,-0.0161,-0.0059,-0.0122,-0.0014,-0.0118,-0.0209,-0.0234,-0.0569,0.73
198401,0.0191,0.0075,0.0099,-0.0061,-0.0009,-0.0005,-0.0068,-0.0126,-0.0026,-0.0008,0.76
198402,-0.0555,-0.0604,-0.0641,-0.06,-0.0558,-0.0351,-0.0492,-0.0493,-0.0605,-0.0726,0.71
198403,0.0147,0.0138,0.0016,0.0159,0.0048,0.0064,-0.0039,0.0112,0.0053,-0.0121,0.73
198404,-0.0198,-0.0145,-0.0203,-0.011,-0.0227,-0.0059,-0.0152,-0.0237,-0.0193,-0.0371,0.81
198405,-0.0499,-0.0519,-0.0529,-0.0566,-0.0458,-0.0417,-0.0463,-0.0369,-0.0499,-0.072,0.78
198406,0.0316,0.0242,0.0261,0.0095,0.0142,0.0125,0.0114,-0.003,0.0216,0.0025,0.75
198407,-0.063,-0.0543,-0.035,-0.0365,-0.0304,-0.0268,-0.0309,-0.047,-0.0468,-0.066,0.82
198408,0.1229,0.1144,0.1025,0.0798,0.0909,0.0938,0.043,0.0815,0.0746,0.0695,0.83
198409,0.0044,0.0266,0.0188,0.0125,0.0118,0.003,-0.0133,-0.0246,-0.024,-0.0306,0.86
198410,-0.0343,-0.0403,-0.0167,-0.0184,-0.0231,0.0013,-0.0042,-0.0069,-0.0019,-0.0352,1
198411,-0.05,-0.0456,-0.0429,-0.0141,-0.0332,-0.0059,-0.0147,-0.0084,-0.0197,-0.0415,0.73
198412,0.0083,-0.0017,0.0136,-0.0026,0.0055,0.0024,0.0276,0.0154,0.018,-0.0034,0.64
198501,0.162,0.1416,0.129,0.1138,0.1013,0.1064,0.1112,0.117,0.1154,0.1047,0.65
198502,0.085,0.0632,0.0498,0.0533,0.0325,0.0453,0.0284,0.0378,0.0355,0.0328,0.58
198503,-0.0073,-0.0118,-0.0137,-0.0012,0,-0.0009,-0.0094,-0.015,-0.0075,-0.0298,0.62
198504,-0.0273,-0.0117,-0.0177,-0.0178,-0.0063,-0.0104,0.0059,0.003,-0.0037,-0.0124,0.72
198505,-0.0005,0.0221,0.0126,0.0337,0.0246,0.0139,0.0428,0.0358,0.041,0.0301,0.66
198506,-0.0193,-0.0001,0.0018,0.0168,0.0204,0.0153,0.0132,0.0197,0.017,0.0099,0.55
198507,0.0341,0.0144,0.0234,0.0239,0.0179,0.0247,0.0065,0.0194,0.0173,-0.0033,0.62
198508,-0.0001,-0.0066,-0.0054,-0.0058,-0.0058,0.0025,-0.0003,-0.0007,-0.008,-0.0087,0.55
198509,-0.078,-0.0628,-0.0564,-0.054,-0.0435,-0.0454,-0.0316,-0.0438,-0.0427,-0.0717,0.6
198510,0.0172,0.0274,0.0203,0.0238,0.0319,0.0241,0.0283,0.0041,0.0344,0.0078,0.65
198511,0.0478,0.0536,0.0407,0.0597,0.0659,0.0626,0.0669,0.0685,0.0578,0.0491,0.61
198512,0.0219,0.0271,0.044,0.044,0.0427,0.0482,0.052,0.0346,0.0414,0.0116,0.65
198601,0.0724,0.0405,0.0567,0.0371,0.0368,0.0288,0.0242,0.0216,0.0246,0.0395,0.56
198602,0.0393,0.0484,0.0632,0.0711,0.0759,0.0772,0.0786,0.0699,0.0672,0.0638,0.53
198603,0.0487,0.0468,0.0622,0.0606,0.0578,0.0542,0.0448,0.0317,0.0582,0.0344,0.6
198604,0.0297,0.0222,0.0198,0.0109,0.0164,0.0059,0.0106,0.0187,0.0113,-0.0061,0.52
198605,0.0502,0.0324,0.0422,0.0359,0.032,0.0309,0.0444,0.035,0.0346,0.0391,0.49
198606,-0.0103,0.0098,0.0181,0.017,0.0108,0.0075,0.0212,0.0062,0.0157,0.0155,0.52
198607,-0.0979,-0.0964,-0.0806,-0.0833,-0.0629,-0.064,-0.0631,-0.0533,-0.0642,-0.0797,0.52
198608,0.0472,0.0164,0.0244,0.02,0.0153,0.0145,0.0142,0.0014,0.0185,0.0055,0.46
198609,-0.0622,-0.0652,-0.0556,-0.0504,-0.074,-0.0664,-0.0621,-0.0787,-0.0769,-0.0674,0.45
198610,0.0466,0.0378,0.0302,0.0355,0.0249,0.0271,0.0127,0.0166,0.0179,-0.0056,0.46
198611,-0.0063,-0.008,-0.0177,0.0049,0.0076,-0.0024,0.0056,-0.0125,-0.0023,-0.0191,0.39
198612,-0.0411,-0.0366,-0.0329,-0.02,-0.0388,-0.0272,-0.0357,-0.0411,-0.0294,-0.0463,0.49
198701,0.1492,0.1287,0.1225,0.116,0.1208,0.1117,0.1042,0.1016,0.1107,0.095,0.42
198702,0.0845,0.062,0.0781,0.0759,0.0629,0.0826,0.0624,0.0866,0.081,0.0846,0.43
198703,0.0439,0.0244,0.0384,0.0383,0.0352,0.0374,0.0239,0.0234,0.0245,0.0272,0.47
198704,-0.0134,-0.0323,-0.0201,-0.0168,-0.0169,-0.0202,-0.0272,-0.0245,-0.0246,-0.0211,0.44
198705,0.0059,-0.003,-0.005,-0.0107,-0.0036,-0.0045,0.008,-0.0063,0.0125,-0.0055,0.38
198706,0.0161,0.0253,0.021,0.025,0.025,0.0239,0.0251,0.0247,0.0197,0.0214,0.48
198707,0.0286,0.0341,0.0352,0.0275,0.0328,0.0308,0.0355,0.0333,0.0364,0.0436,0.46
198708,0.0128,0.0274,0.0176,0.0424,0.0275,0.0121,0.0241,0.0262,0.0157,-0.013,0.47
198709,-0.0171,-0.0169,-0.0179,-0.0116,-0.005,-0.0165,-0.0087,-0.0117,-0.0166,-0.0298,0.45
198710,-0.3029,-0.2973,-0.2795,-0.2628,-0.2657,-0.256,-0.2323,-0.2549,-0.2838,-0.3053,0.6
198711,-0.0442,-0.0562,-0.0696,-0.0524,-0.0643,-0.0457,-0.0544,-0.0587,-0.0521,-0.0555,0.35
198712,0.0602,0.0509,0.048,0.0454,0.0527,0.0383,0.0438,-0.0091,0.0242,-0.019,0.39
198801,0.1559,0.0957,0.0719,0.0731,0.0728,0.054,0.0533,0.0386,0.0432,0,0.29
198802,0.0899,0.082,0.0668,0.0755,0.083,0.0624,0.0682,0.0657,0.0606,0.0202,0.46
198803,0.0612,0.0484,0.0349,0.0376,0.0378,0.0279,0.0378,0.0243,0.0205,0.007,0.44
198804,0.0273,0.0128,0.0225,0.0172,0.0116,0.0084,0.01,0.0194,0.0233,0.0056,0.46
198805,-0.0184,-0.0268,-0.0119,-0.0041,-0.0045,-0.0113,-0.0176,-0.0177,-0.0183,-0.0273,0.51
198806,0.0538,0.0536,0.0519,0.0566,0.0552,0.0453,0.0495,0.0505,0.0584,0.0449,0.49
198807,0.0113,0.0052,-0.0016,0.0033,0.0087,-0.0033,-0.0012,-0.0013,-0.0099,-0.0197,0.51
198808,-0.0346,-0.0241,-0.018,-0.0299,-0.0193,-0.0115,-0.012,-0.0131,-0.0192,-0.03,0.59
198809,0.028,0.0178,0.0188,0.021,0.0213,0.0236,0.0076,0.023,0.0251,0.0158,0.62
198810,-0.032,-0.014,-0.0118,-0.0002,-0.0005,-0.0125,-0.0034,0.0072,-0.0031,-0.0286,0.61
198811,-0.0519,-0.0509,-0.0367,-0.0298,-0.0466,-0.019,-0.0323,-0.0247,-0.0234,-0.0488,0.57
198812,0.036,0.0223,0.0316,0.0152,0.0193,0.0265,0.0215,0.0153,0.0189,0.0058,0.63
198901,0.1039,0.0523,0.0449,0.0585,0.0411,0.0536,0.0553,0.0459,0.0549,0.0477,0.55
198902,0.009,0.0086,0.0169,0.0074,0.0074,0.0085,0.0086,0.0015,-0.0108,-0.0153,0.61
198903,0.0161,0.014,0.018,0.0189,0.0176,0.0053,0.0223,0.0184,0.0225,0.0227,0.67
198904,0.0343,0.0196,0.0331,0.0284,0.0293,0.0418,0.0324,0.0356,0.0441,0.0291,0.67
198905,0.0118,0.0209,0.0188,0.0334,0.0401,0.0383,0.0296,0.0415,0.0556,0.0331,0.79
198906,-0.0137,-0.0171,-0.0039,-0.0036,-0.003,-0.0081,-0.0028,-0.0145,-0.0142,-0.0252,0.71
198907,0.0278,0.0271,0.0362,0.0272,0.0491,0.0124,0.0438,0.0401,0.0314,0.0235,0.7
198908,0.0223,0.0258,0.0036,0.0297,0.0379,0.0322,0.0349,0.0171,0.0089,0.012,0.74
198909,0.0143,-0.0127,0.0045,-0.0002,-0.0035,0.0005,0.0011,0.0053,0.0072,-0.0031,0.65
198910,-0.0596,-0.0801,-0.0562,-0.0556,-0.0508,-0.0427,-0.0355,-0.0303,-0.0491,-0.0557,0.68
198911,-0.0248,-0.0131,-0.0091,-0.018,-0.0205,-0.0104,0.0011,-0.006,0.0036,-0.0074,0.69
198912,-0.0313,-0.0285,-0.0259,-0.0098,-0.0093,-0.0013,-0.0012,0.0055,-0.0024,-0.0162,0.61
199001,-0.0032,-0.0586,-0.0618,-0.0666,-0.0471,-0.0656,-0.0585,-0.0649,-0.0699,-0.0693,0.57
199002,0.0725,0.0259,0.0185,0.0102,0.0255,0.015,0.0043,0.0057,0.0096,0.0105,0.57
199003,0.0453,0.0383,0.0171,0.0083,0.0146,0.0209,0.0195,0.0197,0.0359,0.0241,0.64
199004,-0.0229,-0.0342,-0.0251,-0.027,-0.0233,-0.0339,-0.0237,-0.0254,-0.0222,-0.0222,0.69
199005,0.0544,0.0357,0.0506,0.0429,0.0609,0.0397,0.0534,0.0304,0.0494,0.0519,0.68
199006,0.0087,-0.002,0.0005,0.0034,0.0015,0.0294,-0.0041,0.0003,0.0133,0.0083,0.63
199007,-0.0378,-0.0297,-0.0384,-0.0284,-0.0227,-0.0151,-0.0282,-0.0367,-0.0248,-0.0452,0.68
199008,-0.1218,-0.1311,-0.132,-0.1184,-0.123,-0.1156,-0.0769,-0.1026,-0.1236,-0.1212,0.66
199009,-0.1004,-0.0919,-0.0837,-0.0833,-0.0918,-0.0883,-0.0725,-0.0792,-0.0661,-0.0629,0.6
199010,-0.0348,-0.0494,-0.0665,-0.0581,-0.0616,-0.0691,-0.0575,-0.0662,-0.0591,-0.1019,0.68
199011,0.0664,0.0441,0.0446,0.0382,0.0343,0.05,0.0057,0.0424,0.04,0.0187,0.57
199012,-0.0328,0.0008,-0.0066,0.0235,0.0188,0.0364,0.0085,0.0303,0.0178,-0.0345,0.6
199101,0.1524,0.0818,0.065,0.0709,0.073,0.0718,0.0709,0.0689,0.0819,0.0827,0.52
199102,0.2082,0.1192,0.126,0.1034,0.1099,0.1241,0.1159,0.1201,0.1283,0.1397,0.48
199103,0.1304,0.0881,0.0698,0.074,0.0673,0.0612,0.0707,0.0696,0.0799,0.0743,0.44
199104,0.0687,0.0334,0.0172,0.0608,0.0271,0.0284,0.0334,0.0155,0.0369,0.0041,0.53
199105,0.037,0.0335,0.0329,0.0329,0.0306,0.0373,0.0291,0.026,0.0329,0.023,0.47
199106,-0.027,-0.0386,-0.0315,-0.0248,-0.0324,-0.0355,-0.0458,-0.054,-0.0375,-0.0451,0.42
199107,0.0723,0.0234,0.0297,0.039,0.0247,0.0353,0.0087,0.0497,0.0274,0.0185,0.49
199108,0.0418,0.024,0.0182,0.0317,0.0237,0.0238,0.0248,0.0316,0.0404,0.0378,0.46
199109,0.0145,0.004,-0.0035,0.0058,0.0028,0.0082,0.0059,0.0015,0.0009,0.0243,0.46
199110,0.0436,0.0208,0.0226,0.013,0.0153,0.0081,0.0258,0.0244,0.0194,0.0455,0.42
199111,-0.0239,-0.029,-0.0277,-0.0303,-0.0046,-0.0162,-0.0311,-0.0264,-0.0321,-0.0401,0.39
199112,0.037,0.0517,0.0596,0.0627,0.0566,0.0527,0.0137,0.0606,0.0514,0.0093,0.38
199201,0.3373,0.1325,0.1761,0.0893,0.11,0.1039,0.0747,0.0738,0.0898,0.1051,0.34
199202,0.0539,0.0284,0.0265,0.0538,0.0308,0.0399,0.0537,0.0521,0.0684,0.0828,0.28
199203,-0.0245,-0.017,-0.0226,0.0227,-0.0131,-0.0215,-0.0125,-0.0118,-0.0052,-0.0258,0.34
199204,-0.0741,-0.0587,-0.0371,-0.0191,-0.0223,-0.0224,-0.0196,-0.014,-0.0202,-0.045,0.32
199205,0.0049,-0.0066,-0.0009,0.018,-0.0081,0.0027,0.0055,0.0134,0.0005,0.0057,0.28
199206,-0.0539,-0.0522,-0.0471,-0.0352,-0.0351,-0.0162,-0.0275,-0.041,-0.0485,-0.0469,0.32
199207,0.044,0.0301,0.0262,0.0314,0.0252,0.0294,0.0183,0.0329,0.0238,0.0065,0.31
199208,-0.0159,-0.0298,-0.0294,-0.0168,-0.0222,-0.0214,-0.0229,-0.0181,-0.0228,-0.0543,0.26
199209,0.0141,0.0192,0.0093,0.0152,0.0203,0.0095,0.0118,0.014,0.028,0.0071,0.26
199210,0.0507,0.0277,0.0195,0.0212,0.0006,0.0233,0.0183,0.0202,0.0161,0.015,0.23
199211,0.0989,0.075,0.0766,0.0649,0.0453,0.0729,0.0658,0.0705,0.0747,0.0759,0.23
199212,0.0654,0.0468,0.043,0.0345,0.0391,0.0508,0.0382,0.0444,0.0295,0.0132,0.28
199301,0.1298,0.0602,0.0397,0.0876,0.0404,0.0477,0.044,0.0416,0.0567,0.0621,0.23
199302,-0.0262,-0.0138,-0.0179,0.0083,0.0015,0.0026,-0.0138,-0.0214,-0.0183,-0.0252,0.22
199303,0.0274,0.0198,0.0275,0.0318,0.0353,0.0334,0.0374,0.0274,0.0269,0.0255,0.25
199304,-0.012,-0.0256,-0.0208,0.0089,-0.0146,-0.0269,-0.0189,-0.0259,-0.0384,-0.0215,0.24
199305,0.0719,0.0382,0.0368,0.0282,0.0316,0.0214,0.0325,0.0286,0.0308,0.0454,0.22
199306,0.0323,0.0184,0.0166,0.0115,0.0053,0.0081,0.0065,0.0095,-0.0032,0.0062,0.25
199307,0.0314,0.0106,0.004,0.0001,0.0087,0.0196,0.0167,0.0183,0.015,0.0048,0.24
199308,0.0649,0.0488,0.0385,0.0398,0.0283,0.0374,0.0395,0.033,0.0301,0.0321,0.25
199309,0.0341,0.0348,0.025,0.0191,0.0227,0.0159,0.0338,0.0149,0.0341,0.0343,0.26
199310,0.0785,0.0434,0.0305,0.0276,0.0466,0.0203,0.0338,0.0302,0.0384,0.037,0.22
199311,-0.0165,-0.0344,-0.0293,-0.0232,-0.0253,-0.0125,-0.0173,-0.022,-0.0263,-0.0332,0.25
199312,0.0105,0.005,0.0149,0.0265,0.0132,0.0186,0.016,0.0158,0.0181,-0.0078,0.23
199401,0.0809,0.0564,0.0405,0.0534,0.0428,0.0453,0.0341,0.0323,0.0294,0.0344,0.25
199402,0.0041,-0.014,-0.0141,-0.002,-0.0093,-0.0092,-0.0123,-0.0062,-0.0053,-0.0089,0.21
199403,-0.0382,-0.0423,-0.0437,-0.0404,-0.0401,-0.0394,-0.0467,-0.0465,-0.0469,-0.0569,0.27
199404,-0.0224,-0.0183,-0.0029,-0.0091,-0.0107,-0.0045,0.0017,-0.0203,-0.0052,-0.0304,0.27
199405,0.0022,-0.0081,-0.0056,0.0018,-0.0007,-0.0027,-0.0057,-0.0031,-0.0032,-0.0074,0.31
199406,-0.0462,-0.0352,-0.0214,-0.032,-0.0114,-0.0082,-0.0153,-0.0197,-0.0226,-0.0435,0.31
199407,0.0294,0.0156,0.0071,0.023,0.014,0.0161,0.0141,0.0108,0.0075,0,0.28
199408,0.0547,0.0298,0.041,0.0349,0.042,0.0343,0.0472,0.0367,0.0301,0.0312,0.37
199409,0.0267,0.0069,-0.0029,-0.0031,0,0.0008,-0.001,0.0039,-0.0019,0.0122,0.37
199410,-0.0058,-0.0018,0.0061,0.0075,0.0031,0.0004,-0.0014,0.0051,0.0064,-0.0029,0.38
199411,-0.0452,-0.0579,-0.0447,-0.0467,-0.0447,-0.0345,-0.0407,-0.0335,-0.0408,-0.0421,0.37
199412,-0.0166,-0.0141,-0.0103,-0.0085,-0.0024,0.0061,-0.0016,-0.017,-0.0039,-0.0306,0.44
199501,0.0898,0.0397,0.0296,0.0197,0.0292,0.0137,0.0141,0.0056,0.0073,-0.0261,0.42
199502,0.0422,0.0359,0.0403,0.0381,0.0272,0.0395,0.0299,0.0384,0.0354,0.0117,0.4
199503,0.028,0.0215,0.0191,0.0217,0.0089,0.0251,0.0208,0.0069,0.0054,0.0136,0.46
199504,0.0354,0.0246,0.0236,0.0234,0.0224,0.0197,0.0205,0.021,0.0197,0.0194,0.44
199505,0.0203,0.0111,0.0193,0.0245,0.0224,0.0198,0.0213,0.023,0.0102,0.0224,0.54
199506,0.0679,0.0422,0.0476,0.0543,0.0468,0.0401,0.0361,0.0479,0.0488,0.075,0.47
199507,0.0763,0.0524,0.0497,0.0387,0.0384,0.0418,0.0478,0.0521,0.0601,0.0864,0.45
199508,0.0613,0.0438,0.0346,0.0291,0.0301,0.0368,0.0324,0.0284,0.0337,0.0209,0.47
199509,0.0413,0.0283,0.0278,0.0256,0.0288,0.0197,0.0326,0.0252,0.0165,0.0263,0.43
199510,-0.064,-0.0561,-0.0392,-0.0454,-0.0212,-0.0324,-0.035,-0.0304,-0.0306,-0.0526,0.47
199511,0.0125,0.0048,0.0167,0.0094,0.0152,0.0213,0.0185,0.0283,0.0314,0.0146,0.42
199512,-0.0003,0.0031,0.0042,0.0203,0.0092,0.0222,0.0113,0.0097,0.0145,0.0084,0.49
199601,0.0651,0.0388,0.025,0.0298,0.0111,0.0086,0.0054,0.0159,0.0047,0.0207,0.43
199602,0.0712,0.0415,0.028,0.0292,0.0239,0.0159,0.0297,0.0171,0.0356,0.0426,0.39
199603,0.0358,0.0275,0.0225,0.014,0.0263,0.0271,0.0258,0.0192,0.0314,0.0256,0.39
199604,0.0901,0.0649,0.0579,0.0383,0.0362,0.0418,0.0589,0.0649,0.058,0.0779,0.46
199605,0.0958,0.0585,0.0429,0.0569,0.0291,0.0414,0.0515,0.0735,0.0852,0.0884,0.42
199606,-0.0485,-0.0202,-0.0141,-0.0162,-0.0138,-0.0119,-0.0249,-0.0209,-0.0375,-0.0674,0.4
199607,-0.1311,-0.0955,-0.0836,-0.0712,-0.0625,-0.0635,-0.0509,-0.0578,-0.0763,-0.1038,0.45
199608,0.081,0.0432,0.0402,0.0314,0.036,0.0337,0.0355,0.0261,0.0354,0.0295,0.41
199609,0.0276,0.0326,0.028,0.0304,0.0391,0.0332,0.0344,0.0348,0.0251,0.0302,0.44
199610,-0.0525,-0.0282,-0.0067,-0.0042,-0.0005,0,-0.0079,-0.0049,-0.0228,-0.0502,0.42
199611,0.0159,0.0092,0.025,0.0292,0.0271,0.034,0.0276,0.0321,0.028,0.0217,0.41
199612,-0.0247,0.0016,-0.0018,0.0139,0.0112,0.0131,0.0143,-0.0037,-0.0018,-0.0181,0.46
199701,0.1353,0.0633,0.0731,0.0511,0.0621,0.0404,0.0486,0.0406,0.0365,0.0249,0.45
199702,-0.0165,-0.0136,-0.0067,-0.0005,0.0052,0.0057,0.0013,-0.0074,-0.0295,-0.0452,0.39
199703,-0.074,-0.0646,-0.0549,-0.0468,-0.0405,-0.0243,-0.0262,-0.0441,-0.0541,-0.059,0.43
199704,-0.0292,-0.0279,-0.0158,-0.0265,-0.0118,-0.0223,-0.0251,-0.0159,-0.0207,-0.0375,0.43
199705,0.1241,0.1082,0.0739,0.0831,0.0602,0.0724,0.0837,0.0837,0.0907,0.0772,0.49
199706,0.0353,0.0461,0.0462,0.0451,0.0604,0.0595,0.0618,0.0575,0.0346,0.0359,0.37
199707,0.0593,0.0578,0.0513,0.065,0.0505,0.0561,0.0541,0.0567,0.0432,0.0275,0.43
199708,0.0535,0.0285,0.0243,0.0262,0.0345,0.0191,0.0205,0.0181,0.0318,0.0466,0.41
199709,0.1094,0.0999,0.0877,0.0876,0.0754,0.0905,0.0839,0.0922,0.0788,0.0681,0.44
199710,-0.0192,-0.0226,-0.0009,-0.0135,-0.0087,-0.0119,-0.0227,-0.02,-0.0211,-0.0434,0.42
199711,-0.0605,-0.0297,-0.0186,-0.0047,-0.0031,-0.0026,-0.0022,0.0059,-0.0093,-0.0301,0.39
199712,-0.0983,-0.0545,-0.0245,-0.0064,0.0012,0.0138,0.0078,0.0129,0.0153,-0.0383,0.48
199801,0.0776,0.017,-0.0058,0.006,-0.0017,-0.0137,-0.0116,-0.023,-0.0226,-0.0324,0.43
199802,0.0893,0.0777,0.0627,0.0643,0.0637,0.0618,0.0589,0.0687,0.0526,0.0455,0.39
199803,0.0589,0.0521,0.0486,0.0553,0.0485,0.0555,0.0557,0.057,0.0453,0.026,0.39
199804,0.043,0.0274,0.0193,0.029,0.0288,0.0126,0.018,0.0205,0.0251,0.0253,0.43
199805,-0.0606,-0.0371,-0.047,-0.0245,-0.0363,-0.0262,-0.0385,-0.0476,-0.0448,-0.0611,0.4
199806,-0.0442,-0.0297,-0.0289,-0.0286,-0.0238,-0.0294,-0.0139,-0.0213,-0.0245,-0.0303,0.41
199807,-0.0634,-0.0608,-0.0551,-0.0503,-0.0613,-0.0359,-0.0537,-0.0477,-0.0575,-0.0761,0.4
199808,-0.2454,-0.2227,-0.2086,-0.2022,-0.1877,-0.1706,-0.1743,-0.1785,-0.1899,-0.2228,0.43
199809,0.1129,0.0651,0.0421,0.041,0.0286,0.0145,0.0103,0.0001,-0.0019,-0.018,0.46
199810,0.105,0.0512,0.044,0.0309,0.0231,0.0312,0.015,0.0126,0.0169,0.0029,0.32
199811,0.1436,0.085,0.0594,0.0681,0.0672,0.0589,0.0856,0.0539,0.0735,0.0644,0.31
199812,0.0215,0.0269,0.0307,0.017,0.0321,0.0246,0.0257,0.038,0.0256,0.0215,0.38
199901,0.1911,0.0743,0.0548,0.0278,0.0345,0.0279,0.0332,0.0258,0.0396,0.0555,0.35
199902,-0.0484,-0.0355,-0.0426,-0.0412,-0.04,-0.0494,-0.0342,-0.0466,-0.0511,-0.0653,0.35
199903,0.0041,-0.007,-0.0175,-0.0117,-0.0089,-0.0208,-0.0221,-0.0097,-0.0067,-0.0058,0.43
199904,0.1347,0.106,0.0744,0.0625,0.0441,0.0527,0.0541,0.0738,0.065,0.1266,0.37
199905,0.0589,0.0475,0.0338,0.0398,0.0314,0.0257,0.0231,0.0155,0.0236,-0.0043,0.34
199906,0.0479,0.0414,0.0326,0.046,0.0343,0.0275,0.0386,0.0464,0.0333,0.0366,0.4
199907,0.0351,0.0214,0.0138,0.0062,-0.0068,-0.0002,-0.0101,0.0032,-0.0137,0.0014,0.38
199908,-0.0505,-0.0506,-0.0387,-0.0531,-0.0338,-0.0288,-0.0108,-0.0249,-0.0288,-0.0267,0.39
199909,-0.016,-0.0329,-0.0302,-0.0148,-0.0287,-0.0215,-0.0217,-0.0127,-0.0117,0.0033,0.39
199910,0.0256,-0.0075,-0.0142,-0.0105,-0.0099,0.0003,-0.0188,-0.0068,-0.0104,0.0193,0.39
199911,0.2119,0.0997,0.1068,0.0622,0.0544,0.0731,0.0552,0.0611,0.0767,0.1346,0.36
199912,0.0865,0.0324,0.0212,0.0298,0.0145,0.0179,0.0312,0.0814,0.111,0.2105,0.44
200001,0.1234,0.0408,0.0378,0.0091,0.025,0.0228,0.017,0.0516,0.0442,0.0698,0.41
200002,0.0951,0.0341,0.067,0.0347,0.0601,0.0346,0.0669,0.0762,0.1256,0.3268,0.43
200003,0.0488,0.0547,0.0484,0.034,0.0465,0.0364,0.0047,0.0336,0.0213,-0.0843,0.47
200004,-0.1666,-0.0683,-0.0576,-0.0372,-0.047,-0.0574,-0.0701,-0.0762,-0.1004,-0.1362,0.46
200005,-0.1431,-0.0579,-0.0387,-0.014,-0.0225,-0.0098,0.0021,-0.0065,-0.0362,-0.0364,0.5
200006,0.1916,0.0896,0.0535,0.0466,0.0465,0.0346,0.0244,0.0245,0.0344,0.0496,0.4
200007,0.0052,0.0132,0.0123,0.0007,0.0027,-0.0111,0.011,-0.013,-0.0283,-0.0901,0.48
200008,0.1083,0.0562,0.061,0.0555,0.0445,0.0336,0.0484,0.0519,0.0436,0.0594,0.5
200009,-0.0805,-0.0456,-0.0342,-0.0254,-0.0162,-0.0133,-0.0311,-0.0377,-0.036,-0.0672,0.51
200010,-0.1215,-0.0835,-0.0657,-0.0534,-0.0495,-0.0366,-0.0268,-0.0493,-0.0576,-0.075,0.56
200011,-0.2522,-0.1673,-0.1153,-0.0824,-0.0719,-0.0528,-0.0541,-0.0819,-0.0682,-0.1198,0.51
200012,-0.0858,-0.0197,-0.0249,0.0269,0.0264,0.0239,0.0538,0.045,0.0407,0.0076,0.5
200101,0.5875,0.2564,0.1582,0.1007,0.1068,0.0946,0.0816,0.0677,0.0735,0.0489,0.54
200102,-0.0748,-0.0385,-0.0333,-0.0184,-0.0086,-0.0202,-0.0258,-0.0553,-0.0996,-0.1858,0.38
200103,-0.1637,-0.0821,-0.0587,-0.0436,-0.0142,-0.0133,-0.0221,-0.0247,-0.0186,-0.0474,0.42
200104,0.1709,0.0887,0.0786,0.0666,0.05,0.0496,0.0372,0.037,0.041,0.0106,0.39
200105,0.0967,0.077,0.087,0.0674,0.0596,0.071,0.0734,0.0586,0.0561,0.0443,0.32
200106,-0.0091,0.0223,0.0165,0.0307,0.0302,0.0277,0.0276,-0.0038,0.0197,0.0086,0.28
200107,-0.0737,-0.0243,-0.0242,-0.0007,-0.0155,-0.003,-0.0049,-0.0195,-0.0186,-0.0664,0.3
200108,-0.0836,-0.0526,-0.0382,-0.0317,-0.0242,-0.0227,-0.0056,-0.0171,-0.0316,-0.0333,0.31
200109,-0.1828,-0.149,-0.1456,-0.1307,-0.1011,-0.102,-0.0827,-0.1097,-0.1002,-0.1438,0.28
200110,0.2415,0.1119,0.1032,0.0732,0.0518,0.0485,0.0205,0.0191,0.0087,0.0406,0.22
200111,0.1161,0.0822,0.0714,0.061,0.0584,0.0568,0.0669,0.0685,0.0868,0.1093,0.17
200112,0.0784,0.0632,0.056,0.0457,0.0619,0.0719,0.0645,0.0685,0.0626,0.067,0.15
200201,0.0398,0.025,0.0349,0.022,0.018,0.0265,0.0173,0.0015,0.0062,-0.0092,0.14
200202,-0.1067,-0.0408,-0.0293,-0.0155,-0.0077,-0.0128,-0.0077,-0.0215,-0.0127,-0.0598,0.13
200203,0.1072,0.0856,0.0686,0.0785,0.0723,0.0644,0.0656,0.0754,0.0643,0.0804,0.13
200204,-0.0182,0.0167,0.0223,0.0126,0.016,0.0196,0.0103,-0.0155,-0.0013,-0.0345,0.15
200205,-0.0707,-0.0438,-0.0185,-0.0164,0.0013,0.0062,-0.0128,-0.0023,-0.0171,-0.008,0.14
200206,-0.1379,-0.0892,-0.0478,-0.0606,-0.0519,-0.041,-0.0421,-0.0479,-0.0523,-0.0617,0.13
200207,-0.1281,-0.1267,-0.1247,-0.1141,-0.1127,-0.1028,-0.0941,-0.0957,-0.1306,-0.1535,0.15
200208,0.0357,0.015,0.005,-0.012,0.0006,-0.0061,-0.0024,0.0036,0.005,-0.0219,0.14
200209,-0.1204,-0.1024,-0.0781,-0.0797,-0.0696,-0.0525,-0.0611,-0.0777,-0.0783,-0.112,0.14
200210,0.1448,0.0661,0.053,0.0467,0.0278,0.0166,0.0136,0.0285,0.0242,0.0024,0.14
200211,0.2398,0.1404,0.099,0.0733,0.0963,0.0735,0.0766,0.0934,0.1105,0.1926,0.12
200212,-0.0313,-0.014,-0.0069,-0.005,-0.019,-0.0199,-0.0436,-0.0514,-0.0768,-0.1518,0.11
200301,0.0154,0.0126,0.0008,-0.0124,-0.0105,-0.006,0.0095,-0.001,-0.0088,0.0015,0.1
200302,-0.0578,-0.0256,-0.0251,-0.022,-0.0249,-0.0196,-0.0181,-0.0224,-0.0222,-0.0222,0.09
200303,0.0236,0.0068,0.0022,0.0087,0.0168,0.0075,0.0102,0.0127,0.0133,0.0159,0.1
200304,0.1474,0.1112,0.0893,0.0752,0.0789,0.0827,0.0759,0.084,0.0903,0.1233,0.1
200305,0.1964,0.1117,0.1086,0.0875,0.0911,0.1277,0.1137,0.1417,0.1592,0.2049,0.09
200306,0.0725,0.0469,0.0557,0.0221,0.0307,0.0386,0.0379,0.058,0.042,0.0774,0.1
200307,0.0916,0.0892,0.0707,0.0685,0.0595,0.0648,0.0666,0.0553,0.0646,0.0822,0.07
200308,0.0712,0.057,0.0441,0.0366,0.0361,0.041,0.0468,0.0466,0.0418,0.0655,0.07
200309,0.0533,0.0264,0.031,0.0103,0.0092,0.0135,0.0196,0.0112,0.0043,0.0232,0.08
200310,0.091,0.1054,0.0716,0.0778,0.0706,0.0705,0.0762,0.073,0.0891,0.1036,0.07
200311,0.0239,0.0381,0.0337,0.0405,0.0361,0.0369,0.0466,0.0371,0.0258,0.0553,0.07
200312,0.0425,0.0471,0.0421,0.0314,0.0349,0.0314,0.0391,0.0371,0.0229,0.0261,0.08
200401,0.1241,0.0667,0.0566,0.0524,0.0588,0.0597,0.0551,0.0515,0.0523,0.0601,0.07
200402,0.004,0.0147,0.0271,0.0156,0.0321,0.0187,0.0245,0.0071,0.0032,-0.0042,0.06
200403,-0.0104,-0.0045,-0.0017,0.0051,0.002,0.0088,0.0012,0.0102,0.0066,0.0261,0.09
200404,-0.0495,-0.0425,-0.0196,-0.0254,-0.0242,-0.0195,-0.0275,-0.0197,-0.0228,-0.0317,0.08
200405,0.0105,0.0013,0.0063,-0.0025,-0.0081,-0.005,-0.0134,-0.0069,0.0011,0.0034,0.06
200406,0.0257,0.0183,0.0316,0.0313,0.0282,0.0206,0.0343,0.0229,0.0205,0.0209,0.08
200407,-0.0905,-0.0592,-0.0469,-0.0519,-0.0564,-0.0543,-0.0569,-0.0602,-0.054,-0.0819,0.1
200408,-0.0257,-0.016,-0.0163,-0.0137,-0.0113,-0.0034,0.0019,0.0021,-0.0141,-0.0146,0.11
200409,0.0628,0.0519,0.0418,0.0366,0.0308,0.0359,0.0337,0.0351,0.0375,0.0283,0.11
200410,0.025,0.0165,0.0168,0.0236,0.0215,0.0216,0.0191,0.0149,0.0232,0.0133,0.11
200411,0.132,0.0884,0.081,0.0892,0.0825,0.058,0.0797,0.0683,0.0797,0.0874,0.15
200412,0.0917,0.0536,0.0516,0.0464,0.0464,0.0506,0.0426,0.0464,0.0598,0.0621,0.16
200501,-0.0275,-0.0264,-0.0235,-0.0288,-0.0327,-0.0334,-0.0235,-0.0292,-0.0352,-0.0618,0.16
200502,-0.0155,0.0085,0.0028,0.0134,0.0152,0.0172,0.017,0.0201,0.028,0.0242,0.16
200503,-0.0568,-0.0345,-0.0203,-0.0143,-0.0224,-0.0194,-0.0075,-0.0264,-0.0188,-0.0314,0.21
200504,-0.0778,-0.0653,-0.0564,-0.0423,-0.0473,-0.0509,-0.0441,-0.0384,-0.0489,-0.0658,0.21
200505,0.082,0.0549,0.0489,0.0659,0.0429,0.0378,0.0349,0.0419,0.0295,0.0376,0.24
200506,0.0441,0.0376,0.0353,0.0424,0.031,0.0271,0.0422,0.0355,0.0268,0.0219,0.23
200507,0.0784,0.0629,0.0584,0.0613,0.0656,0.0617,0.0676,0.0581,0.0649,0.0619,0.24
200508,-0.0158,0.001,-0.015,-0.0078,-0.0108,-0.0165,-0.0182,-0.0055,-0.0133,-0.0106,0.3
200509,-0.0069,-0.003,0.0067,0.0038,0.0001,0.0025,0.003,0.0171,0.0095,0.0279,0.29
200510,-0.0511,-0.0297,-0.0309,-0.0233,-0.026,-0.0262,-0.0276,-0.029,-0.0333,-0.0329,0.27
200511,0.0469,0.0483,0.0327,0.0283,0.0359,0.032,0.0293,0.0265,0.0415,0.0389,0.31
200512,0.0157,0.0063,0.0107,0.0125,0.0025,0.0022,0.0081,0.0026,0.0013,0.016,0.32
200601,0.1138,0.0781,0.0639,0.0567,0.0585,0.0568,0.08,0.0721,0.0838,0.0785,0.35
200602,0.0101,0.0175,0.0166,0.0156,0.0088,0.0104,0.0094,0.0086,-0.0056,-0.023,0.34
200603,0.0554,0.0436,0.0407,0.0352,0.0233,0.0281,0.0356,0.0327,0.0486,0.0619,0.37
200604,-0.0007,-0.0001,0.0072,-0.001,0.0043,0.0084,0.0168,0.0132,0.0076,0.0128,0.36
200605,-0.0702,-0.0589,-0.0482,-0.0295,-0.0291,-0.0316,-0.0482,-0.0436,-0.0423,-0.0597,0.43
200606,-0.022,-0.0168,-0.0194,-0.0137,0.0013,0.0056,-0.0042,-0.0056,-0.001,0.0017,0.4
200607,-0.0508,-0.0351,-0.0163,-0.0307,-0.0276,-0.0187,-0.0298,-0.0217,-0.0382,-0.0515,0.4
200608,0.0398,0.0194,0.0181,0.0319,0.0144,0.0156,0.0145,0.0189,0.0173,0.0085,0.42
200609,0.0117,0.0096,0.0136,0.0189,0.0077,0.0123,0.0143,0.0038,0.0064,0.0029,0.41
200610,0.0551,0.0513,0.0526,0.0472,0.0415,0.0466,0.0501,0.0471,0.0501,0.0485,0.41
200611,0.0254,0.0314,0.0272,0.0248,0.023,0.0182,0.0334,0.0212,0.0292,0.0328,0.42
200612,0.0212,0.0224,0.0101,0.0142,0.02,0.0155,0.0144,0.0084,-0.0011,0.0001,0.4
200701,0.0336,0.0332,0.0244,0.0187,0.0188,0.0181,0.0154,0.0166,0.0222,0.0256,0.44
200702,-0.0015,-0.0011,0.0111,0.0108,0.0135,-0.0011,0.0098,0.0027,-0.0024,-0.0097,0.38
200703,-0.0219,-0.0121,0.0041,0.0176,0.005,0.0046,0.0042,0.0134,0.0114,0.0178,0.43
200704,0.0206,0.0288,0.0117,0.0146,0.0249,0.0309,0.0151,0.0336,0.0264,0.0317,0.44
200705,0.0117,0.0304,0.0298,0.0109,0.0288,0.0245,0.0379,0.0295,0.0411,0.0183,0.41
200706,-0.0049,-0.0093,-0.0135,-0.0117,-0.0092,-0.0138,-0.0023,-0.0082,-0.005,0.0063,0.4
200707,-0.0815,-0.059,-0.0711,-0.0521,-0.0508,-0.0477,-0.0389,-0.044,-0.0396,-0.0359,0.4
200708,-0.0199,-0.013,0.0002,-0.0104,-0.0044,-0.0057,-0.0053,-0.0142,0.0049,-0.0281,0.42
200709,0.0127,0.0191,0.0107,0.0051,0.0152,0.0167,0.0127,0.018,0.0152,0.0266,0.32
200710,-0.0063,-0.0071,0.0079,0.0008,0.0119,-0.0026,0.0072,0.0118,0.0349,0.0435,0.32
200711,-0.1234,-0.0859,-0.0718,-0.0824,-0.0579,-0.0706,-0.0717,-0.0815,-0.0699,-0.0918,0.34
200712,-0.0159,-0.0261,-0.0192,-0.0147,-0.0134,-0.0071,-0.009,-0.0093,-0.007,-0.0158,0.27
200801,-0.0017,-0.0321,-0.0506,-0.0447,-0.0554,-0.059,-0.0671,-0.0739,-0.077,-0.0969,0.21
200802,-0.0176,-0.0132,-0.0113,-0.0153,-0.0334,-0.0297,-0.0188,-0.0166,-0.0455,-0.0793,0.13
200803,-0.044,-0.0248,-0.0268,-0.0182,-0.0303,-0.0157,-0.0127,-0.0247,-0.0334,-0.0325,0.17
200804,0.0348,0.0322,0.0316,0.0225,0.0252,0.018,0.0217,0.0195,0.0173,0.0128,0.18
200805,0.0176,0.0251,0.0162,0.0312,0.0263,0.0451,0.0384,0.0447,0.053,0.0691,0.18
200806,-0.1324,-0.1178,-0.1157,-0.0835,-0.0942,-0.0781,-0.0753,-0.0898,-0.0721,-0.0565,0.17
200807,0.0902,0.025,0.017,0.0233,0.0234,0.0198,0.0071,-0.001,-0.0188,-0.0785,0.15
200808,0.016,0.0181,0.0158,0.0337,0.0137,0.0212,0.0244,0.031,0.0271,0.034,0.13
200809,-0.1668,-0.1264,-0.101,-0.0943,-0.0743,-0.0801,-0.0898,-0.0811,-0.0827,-0.1348,0.15
200810,-0.2555,-0.2549,-0.2374,-0.2291,-0.2089,-0.2051,-0.1756,-0.1933,-0.1956,-0.1831,0.08
200811,-0.1809,-0.1548,-0.1966,-0.175,-0.1441,-0.1255,-0.1191,-0.1097,-0.1009,-0.1276,0.03
200812,0.1468,0.0548,0.0353,0.0259,0.0399,0.0076,0.0083,-0.0096,-0.0186,-0.0204,0
200901,0.0613,-0.0285,-0.0392,-0.0575,-0.0652,-0.0737,-0.0789,-0.063,-0.0861,-0.0762,0
200902,-0.1821,-0.1324,-0.1225,-0.1222,-0.1157,-0.0989,-0.0888,-0.1101,-0.1001,-0.1087,0.01
200903,0.3118,0.1393,0.1332,0.1188,0.0959,0.0972,0.1131,0.0741,0.0797,0.1121,0.02
200904,0.2944,0.2063,0.1673,0.1781,0.154,0.1565,0.192,0.1986,0.2474,0.2808,0.01
200905,0.1262,0.083,0.0736,0.1022,0.0887,0.0745,0.1014,0.1142,0.1028,0.1023,0
200906,0.0601,0.0435,0.0439,0.0422,0.0437,0.0178,0.0214,0.0298,0.0207,0.0279,0.01
200907,0.113,0.1137,0.1042,0.1014,0.082,0.0924,0.072,0.0796,0.0646,0.0749,0.01
200908,0.094,0.0607,0.0355,0.0531,0.0381,0.0407,0.0445,0.0592,0.0868,0.1193,0.01
200909,0.0838,0.0749,0.062,0.06,0.0721,0.0459,0.053,0.0683,0.0631,0.0979,0.01
200910,-0.0746,-0.0606,-0.0432,-0.0526,-0.0565,-0.0497,-0.058,-0.0655,-0.073,-0.0924,0
200911,-0.0012,0.0128,0.0188,0.0263,0.0597,0.0142,0.0244,0.0228,0.0169,0.0184,0
200912,0.0746,0.0697,0.0589,0.0757,0.0489,0.0731,0.0571,0.0592,0.0698,0.0697,0.01
201001,0.0378,0.005,-0.0069,0.0035,-0.0173,-0.0201,-0.0281,-0.0274,-0.0244,-0.0278,0
201002,0.0505,0.0502,0.0391,0.046,0.0356,0.0403,0.0454,0.0369,0.0346,0.0214,0
201003,0.0871,0.0841,0.081,0.0786,0.0729,0.0741,0.0896,0.073,0.0679,0.074,0.01
201004,0.0975,0.0635,0.0637,0.0614,0.0681,0.0725,0.0741,0.0691,0.061,0.1033,0.01
201005,-0.1013,-0.0807,-0.068,-0.0685,-0.074,-0.0712,-0.0739,-0.0771,-0.087,-0.098,0.01
201006,-0.1336,-0.1015,-0.0887,-0.077,-0.0701,-0.0634,-0.052,-0.0508,-0.0514,-0.0636,0.01
201007,0.0985,0.0724,0.0746,0.0589,0.0621,0.0579,0.0469,0.0407,0.0446,0.0288,0.01
201008,-0.0659,-0.0529,-0.0752,-0.0674,-0.0601,-0.0564,-0.0736,-0.0707,-0.0728,-0.091,0.01
201009,0.1612,0.1271,0.1171,0.1031,0.1101,0.103,0.1044,0.0862,0.0716,0.0834,0.01
201010,0.036,0.0493,0.0399,0.0446,0.0474,0.0413,0.0339,0.0484,0.0476,0.0487,0.01
201011,-0.003,0.0262,0.017,0.0233,0.0277,0.0375,0.0283,0.0342,0.0215,0.0257,0.01
201012,0.1111,0.0862,0.0827,0.0723,0.0733,0.076,0.0818,0.0687,0.0925,0.0741,0.01
201101,0.0443,0.0203,0.016,0.0081,0.0278,0.0232,0.0261,0.0075,0.0137,-0.0003,0.01
201102,0.0334,0.045,0.0448,0.0312,0.036,0.0547,0.0291,0.0509,0.0561,0.0387,0.01
201103,-0.0051,0.0069,0.0247,0.0179,0.0191,0.0128,0.0083,0.0141,0.0265,0.0054,0.01
201104,-0.0021,0.0123,0.0144,0.0223,0.0107,0.0147,0.0182,0.0236,0.0214,0.0267,0
201105,-0.035,-0.0185,-0.0179,-0.0179,-0.0164,-0.0075,-0.0196,-0.0169,-0.0314,-0.0159,0
201106,-0.0517,-0.0423,-0.0258,-0.0186,-0.0147,-0.0211,-0.0044,-0.0176,-0.0206,-0.0254,0
201107,-0.0071,-0.0319,-0.0285,-0.0252,-0.0264,-0.0263,-0.0308,-0.0341,-0.0313,-0.0266,0
201108,-0.1147,-0.1045,-0.0889,-0.093,-0.0829,-0.0864,-0.0698,-0.0744,-0.09,-0.117,0.01
201109,-0.1677,-0.1337,-0.1206,-0.1158,-0.1039,-0.0969,-0.0852,-0.0787,-0.0749,-0.0929,0
201110,0.1905,0.1835,0.1537,0.1532,0.1357,0.1223,0.1166,0.0967,0.0664,0.0505,0
201111,-0.0329,-0.0121,-0.0089,-0.0118,-0.0191,-0.0144,-0.0091,-0.0195,-0.0156,-0.0121,0
201112,-0.0089,-0.0074,-0.005,-0.0079,0.005,0.0082,0.0044,0.0107,0.0003,0.0128,0
201201,0.1536,0.1148,0.098,0.0868,0.0742,0.0632,0.0604,0.0644,0.0588,0.0758,0
201202,0.0567,0.036,0.0363,0.0432,0.0276,0.0445,0.0525,0.0441,0.0313,0.038,0
201203,0.0225,0.0241,0.0383,0.0332,0.0299,0.0313,0.0377,0.0522,0.0406,0.026,0
201204,-0.0365,-0.0142,-0.0182,-0.0153,-0.0095,-0.0051,-0.0047,-0.0088,-0.0033,-0.0127,0
201205,-0.1061,-0.0875,-0.0641,-0.0725,-0.0529,-0.0623,-0.0597,-0.0551,-0.0601,-0.0566,0.01
201206,0.019,0.028,0.0483,0.0419,0.0362,0.0352,0.0455,0.0491,0.0375,0.0428,0
201207,0.0031,-0.0039,0.0014,-0.0036,-0.0084,-0.0082,-0.0173,-0.0129,-0.0246,-0.0302,0
201208,0.0332,0.0341,0.0353,0.0185,0.0249,0.025,0.0127,0.0243,0.0249,0.0282,0.01
201209,0.0546,0.036,0.0345,0.0386,0.0323,0.0358,0.0378,0.0409,0.0305,0.0342,0.01
201210,-0.0169,-0.0176,-0.0079,-0.0079,-0.0123,-0.0203,-0.015,-0.0244,-0.0324,-0.0337,0.01
201211,0.0019,0.0102,0.0029,0.0035,0.0031,0.0029,0.0069,-0.0005,0.0007,0.002,0.01
201212,0.0258,0.0254,0.0262,0.0292,0.0273,0.0315,0.0189,0.0199,0.0247,0.0218,0.01
201301,0.1007,0.0735,0.0726,0.074,0.0611,0.0755,0.0681,0.0759,0.062,0.0561,0
201302,-0.0106,0,0.0151,0.0085,0.0191,0.0202,0.0131,0.0138,0.0159,0.0247,0
201303,0.0255,0.038,0.0559,0.0397,0.0448,0.0403,0.0485,0.0444,0.0582,0.0483,0
201304,-0.0131,-0.0047,-0.0049,-0.0044,-0.0011,-0.0078,0.0065,0.0094,-0.0038,0.0143,0
201305,0.0501,0.061,0.0641,0.0501,0.0441,0.0376,0.0414,0.0445,0.032,0.0515,0
201306,-0.0062,-0.0077,0.0049,0.0013,0.0091,0.0044,-0.009,-0.0011,-0.0007,0.0059,0
201307,0.106,0.1008,0.07,0.0635,0.0693,0.0619,0.069,0.0708,0.072,0.0652,0
201308,-0.022,-0.0199,-0.0147,-0.0078,-0.0158,-0.0234,-0.0263,-0.0246,-0.0246,-0.0282,0
201309,0.0661,0.0595,0.0591,0.0447,0.0547,0.0633,0.0536,0.0469,0.0425,0.0821,0
201310,0.0124,0.0126,0.0252,0.0393,0.0385,0.038,0.0196,0.0328,0.0338,0.0129,0
201311,0.0457,0.0379,0.0447,0.0354,0.0377,0.0403,0.0361,0.0373,0.0436,0.0504,0
201312,0.034,0.0423,0.0299,0.0207,0.0261,0.0445,0.0231,0.0298,0.0245,0.0314,0
201401,0.029,-0.0025,-0.0011,-0.0066,-0.0166,-0.0145,-0.0125,-0.0228,-0.0201,0.0332,0
201402,0.0403,0.0433,0.0545,0.0444,0.0469,0.0487,0.0308,0.049,0.0393,0.0555,0
201403,-0.0021,-0.0008,0.0109,0.0141,0.0047,0.0058,0.0077,0.002,-0.0121,-0.019,0
201404,-0.0774,-0.0508,-0.0409,-0.0217,-0.0253,-0.025,-0.0161,-0.0317,-0.0312,-0.0488,0
201405,-0.0065,0.0084,-0.0035,0.0039,0.0008,0.0056,0.0023,0.0099,-0.0045,-0.0012,0
201406,0.0651,0.0498,0.0402,0.0506,0.0448,0.0289,0.0375,0.0392,0.0514,0.0522,0
201407,-0.0409,-0.0253,-0.0324,-0.0353,-0.0497,-0.0354,-0.0511,-0.0547,-0.0686,-0.0832,0
201408,0.0504,0.0489,0.0464,0.0417,0.038,0.0336,0.0347,0.0407,0.0364,0.0364,0
201409,-0.0737,-0.039,-0.0439,-0.0442,-0.0393,-0.0475,-0.0426,-0.0438,-0.0424,-0.046,0
201410,-0.0243,0.0248,0.0394,0.0406,0.0463,0.0597,0.0406,0.0423,0.0262,0.0152,0
201411,-0.0457,-0.0113,0.0106,0.0147,0.0193,0.0184,0.0027,0.0025,0.0036,-0.0079,0
201412,-0.0247,0.0129,0.0285,0.0305,0.0196,0.0212,0.0241,0.021,0.0375,0.03,0
201501,-0.0414,-0.0258,-0.0229,-0.0215,-0.031,-0.0344,-0.0371,-0.0342,-0.0363,-0.0389,0
201502,0.1283,0.085,0.0824,0.0672,0.0626,0.0552,0.0538,0.0468,0.0397,0.0508,0
201503,-0.0105,0.0029,0.0188,0.0098,0.0018,0.0148,0.0119,-0.0027,-0.0028,-0.0243,0
201504,0.0258,0.0093,-0.0017,0.0018,0.0034,-0.009,-0.0095,-0.0142,-0.0121,-0.004,0
201505,0.0223,0.0299,0.017,0.0082,0.0073,0.0145,0.0101,0.0097,0.0228,-0.0295,0
201506,-0.0514,-0.0146,-0.0046,0.012,0.0009,0.0103,0.0117,0.0074,0.0113,0.0082,0
201507,-0.0976,-0.057,-0.0336,-0.0224,-0.0146,-0.0179,-0.0202,-0.0033,-0.0136,-0.0104,0
201508,0.0235,-0.0475,-0.0733,-0.0595,-0.0515,-0.0389,-0.0375,-0.0449,-0.0514,-0.071,0
201509,-0.099,-0.0844,-0.0616,-0.0592,-0.0451,-0.0371,-0.0239,-0.0309,-0.0379,-0.0752,0
201510,0.0677,0.0457,0.051,0.0537,0.0666,0.0481,0.046,0.046,0.0509,0.0314,0
201511,0.0346,0.015,0.0637,0.0197,0.0255,0.02,0.0023,0.0116,0.013,0.0234,0
201512,-0.0618,-0.0469,-0.0434,-0.0402,-0.0421,-0.0357,-0.0332,-0.0407,-0.0497,-0.0579,0.01
201601,-0.1379,-0.1079,-0.0935,-0.0776,-0.0986,-0.0755,-0.0929,-0.0616,-0.0707,-0.1189,0.01
201602,-0.013,0.0095,0.0093,0.0102,0.0092,-0.0053,0.0058,-0.0045,0.0008,0.0076,0.02
201603,0.1429,0.0853,0.0885,0.0652,0.0587,0.0698,0.0733,0.0718,0.0657,0.076,0.02
201604,0.044,0.035,0.0209,0.019,0.0235,0.0246,0.0302,0.0287,0.037,0.0888,0.01
201605,-0.0093,0.0041,0.0203,0.0158,0.0183,0.0083,0.0042,0.0091,0.0026,-0.0037,0.01
201606,0.0008,0.0082,-0.0125,0.0023,-0.0006,-0.0032,-0.0008,-0.0281,-0.0182,-0.0039,0.02
201607,0.0823,0.0765,0.0593,0.0616,0.0476,0.0402,0.0495,0.0426,0.0326,0.0647,0.02
201608,0.0335,0.0217,0.0153,0.0134,0.0282,0.0131,0.0294,0.0247,0.0354,0.0102,0.02
201609,0.0264,0.0266,0.018,0.0144,-0.0082,0.0108,0.0123,0.0144,0.0129,0.0697,0.02
201610,-0.092,-0.0359,-0.0342,-0.0385,-0.0332,-0.0353,-0.0343,-0.0463,-0.0564,-0.0907,0.02
201611,0.0991,0.0888,0.0825,0.0771,0.095,0.1046,0.0867,0.0766,0.1018,0.0821,0.01
201612,-0.012,0.014,0.0175,0.0242,0.0265,0.0264,0.041,0.0285,0.0358,0.0074,0.03
201701,0.0571,0.0208,0.0348,0.0184,0.0073,0.016,0.0049,-0.0004,-0.0048,-0.0027,0.04
201702,0.0017,0.0119,0.0148,0.0209,0.0156,0.0304,0.0106,0.0291,0.0251,0.0229,0.04
201703,-0.0089,-0.0066,0.0017,-0.0066,0.013,0.0036,0.0103,-0.0043,0.0112,0.0346,0.03
201704,-0.0462,0,-0.0002,0.0101,0.0119,0.0098,0.0099,0.012,0.0239,0.0028,0.05
201705,-0.063,-0.041,-0.0264,-0.011,-0.0141,-0.0039,-0.0106,-0.0072,-0.0084,-0.002,0.06
201706,0.0914,0.0409,0.0352,0.0298,0.0284,0.027,0.0115,0.0129,0.0313,0.0228,0.06
201707,-0.0035,0.0038,0.0139,0.006,-0.0013,0.0016,0.0023,-0.0013,-0.007,-0.0168,0.07
201708,-0.0202,-0.02,-0.0099,-0.0112,-0.0235,-0.0136,-0.0223,-0.0149,-0.0118,-0.0215,0.09
201709,0.1001,0.0865,0.068,0.0798,0.0691,0.0625,0.0542,0.0483,0.0525,0.0758,0.09
201710,-0.0291,-0.0007,0.0072,0.0274,0.0138,0.0019,0.0082,0.0045,0.0058,-0.0181,0.09
201711,0.0379,0.032,0.0471,0.0299,0.0402,0.0283,0.0284,0.0313,0.0202,0.0399,0.08
201712,0.0246,0.0146,0.0014,0.0024,0.0136,-0.012,0.0108,0.0109,0.0074,0.0267,0.09
201801,0.0361,0.0272,0.0337,0.0305,0.0336,0.0443,0.045,0.0272,0.0299,0.0051,0.12
201802,-0.057,-0.0493,-0.0402,-0.0392,-0.0305,-0.0272,-0.0388,-0.0334,-0.0351,-0.0373,0.11
201803,-0.0095,0.0059,0.0174,0.0176,0.009,0.0086,0.0153,0.009,0.0059,0.0115,0.11
201804,0.0157,0.0003,-0.0029,0.0034,0.0022,0.0051,0.0108,-0.0071,0.0077,0.0171,0.14
201805,0.0672,0.0551,0.0444,0.0541,0.0356,0.0369,0.0573,0.0371,0.0423,0.0683,0.14
201806,0.0041,0.0259,0.0051,0.007,0.011,0.0133,0.004,0.0128,0.0076,0.0086,0.14
201807,-0.0209,0.0064,0.0116,0.026,0.0211,0.016,0.018,0.0056,0.0031,-0.0108,0.16
201808,0.0463,0.035,0.0351,0.0359,0.0363,0.0304,0.0367,0.0307,0.0214,0.0277,0.16
201809,-0.0307,-0.0034,-0.0211,-0.0215,-0.0224,-0.0286,-0.0119,-0.016,-0.0096,-0.0021,0.15
201810,-0.1212,-0.1119,-0.0963,-0.0983,-0.0811,-0.0901,-0.0876,-0.1051,-0.098,-0.1237,0.19
201811,-0.0102,-0.0006,0.0099,-0.0027,-0.0043,0.0008,0.0154,0.0001,-0.003,-0.0217,0.18
201812,-0.1737,-0.1431,-0.1203,-0.1196,-0.1215,-0.1214,-0.1193,-0.1042,-0.1219,-0.1318,0.2
201901,0.2718,0.1805,0.147,0.1325,0.1122,0.121,0.1041,0.0827,0.0747,0.079,0.21
201902,0.0561,0.0452,0.0597,0.0379,0.0492,0.0591,0.0647,0.0605,0.0713,0.0411,0.18
201903,-0.0207,-0.012,-0.0136,-0.0094,-0.0185,-0.0153,-0.0244,-0.0226,-0.0098,0.0045,0.19
201904,0.0218,0.0414,0.0226,0.0356,0.036,0.0333,0.0274,0.0277,0.0219,0.0005,0.21
201905,-0.1017,-0.0747,-0.0729,-0.0668,-0.0753,-0.0746,-0.0908,-0.0678,-0.0934,-0.0878,0.21
201906,0.0431,0.0689,0.0711,0.0522,0.0573,0.0715,0.0526,0.0521,0.0448,0.0506,0.18
201907,-0.0488,-0.0114,0.0037,-0.0001,0.0089,0.0078,0.0063,0.005,-0.0027,-0.0202,0.19
201908,-0.0707,-0.066,-0.0575,-0.0565,-0.04,-0.0501,-0.0471,-0.05,-0.0301,-0.0459,0.16
201909,0.02,0.0393,0.0464,0.0362,0.024,0.024,0.0167,0.009,0.0089,-0.0099,0.18
201910,-0.0056,-0.0102,-0.0007,0.0171,0.0111,0.0089,0.0237,0.0109,0.0008,-0.0204,0.16
201911,0.026,0.0312,0.0359,0.0387,0.0406,0.049,0.0359,0.0336,0.0383,0.0671,0.12
201912,0.082,0.0404,0.0418,0.0424,0.0469,0.029,0.0426,0.0464,0.0478,0.0709,0.14
202001,0.0385,-0.0007,-0.0138,-0.0041,-0.0176,-0.0258,-0.0237,-0.0294,-0.0372,-0.049,0.13
202002,-0.1204,-0.0792,-0.082,-0.086,-0.091,-0.0867,-0.081,-0.0733,-0.0679,0.0001,0.12
202003,-0.2709,-0.2641,-0.2381,-0.223,-0.2153,-0.2168,-0.2094,-0.2109,-0.2102,-0.2053,0.13
202004,0.5285,0.2807,0.2474,0.2023,0.163,0.1608,0.1419,0.1323,0.1196,0.1125,0
202005,0.0587,0.0688,0.0878,0.0667,0.0602,0.0823,0.1105,0.0963,0.1219,0.0564,0.01
202006,0.1389,0.0541,0.0549,0.0487,0.0328,0.0414,0.072,0.0452,0.0461,0.086,0.01
202007,0.0794,0.0435,0.0311,0.0245,0.0322,0.0093,0.0295,0.0374,0.0285,0.0768,0.01
202008,0.068,0.0438,0.0424,0.0452,0.0589,0.0416,0.0644,0.0548,0.0406,0.0045,0.01
202009,-0.0239,-0.0411,-0.0229,-0.0296,-0.0325,-0.0281,-0.0412,-0.0308,-0.0332,-0.0084,0.01
202010,-0.0136,0.0187,0.0309,0.0307,0.0191,0.0148,0.006,0.0176,0.0153,-0.0115,0.01
202011,0.2874,0.2223,0.2123,0.184,0.1993,0.19,0.1725,0.1838,0.1683,0.1903,0.01
202012,0.0819,0.0808,0.0718,0.0807,0.116,0.0881,0.0949,0.1186,0.1117,0.126,0.01
202101,0.2137,0.0846,0.0419,0.0587,0.0525,0.0374,0.0288,0.1245,0.0995,0.1916,0.01
202102,0.098,0.0771,0.0799,0.1273,0.0908,0.0828,0.0953,0.1083,0.0817,0.0781,0
202103,-0.0245,0.0106,0.0132,0.0233,0.0314,0.0325,0.0359,0.0284,0.0325,0.0079,0
202104,-0.0041,-0.0046,0.0207,0.0341,0.0193,0.0371,0.0224,0.017,0.0231,0.0071,0
202105,-0.0034,0.0315,0.0183,0.0093,0.0179,0.0136,0.0171,0.0161,0.0026,0.0141,0
202106,0.0779,0.0389,0.0213,0.0074,0.0055,0.0015,-0.0054,0.0027,0.0235,0.0493,0
202107,-0.0529,-0.037,-0.0281,-0.0242,-0.0139,-0.0163,-0.0263,-0.036,-0.0451,-0.077,0
202108,0.0304,0.0171,0.025,0.0205,0.0212,0.0101,0.0314,0.0221,0.0308,0.0281,0
202109,-0.0481,-0.0273,-0.0326,-0.021,-0.0173,-0.0301,-0.0314,-0.0233,-0.0137,-0.0391,0
202110,0.0111,0.0155,0.023,0.0424,0.0255,0.0256,0.0301,0.0206,0.0251,0.0179,0
202111,-0.0909,-0.0787,-0.0315,-0.0326,-0.0449,-0.0183,-0.0514,-0.0453,-0.0389,-0.065,0
202112,-0.0521,-0.0344,0.0004,0.0172,0.0183,0.023,0.0103,0.0209,0.032,-0.0115,0.01
202201,-0.1478,-0.0915,-0.0341,-0.0505,-0.0375,-0.0555,-0.0776,-0.074,-0.0679,-0.1298,0
202202,-0.0379,-0.0081,-0.0228,-0.0045,-0.002,-0.0065,0.002,0.0063,0.0081,0.0377,0
202203,0.0328,0.0106,0.0157,0.0089,0.0056,0.0137,0.0023,0.0102,0.0126,0.0314,0.01
202204,-0.1522,-0.1312,-0.1133,-0.1025,-0.0628,-0.0771,-0.0958,-0.0878,-0.1111,-0.1505,0.01
202205,-0.0645,-0.0376,-0.0019,-0.0203,-0.0126,-0.0069,-0.0032,-0.0092,-0.0051,-0.0169,0.03
202206,-0.0516,-0.0721,-0.0548,-0.0575,-0.0377,-0.0753,-0.0735,-0.0759,-0.0733,-0.1135,0.06
202207,0.1296,0.1079,0.104,0.1028,0.1075,0.0763,0.074,0.0812,0.0481,0.046,0.08
202208,0.0359,0.007,-0.0042,-0.0151,-0.0184,-0.0225,-0.0202,-0.0163,-0.0148,-0.0095,0.19
202209,-0.1527,-0.1315,-0.1145,-0.1073,-0.0976,-0.0947,-0.0453,-0.091,-0.1104,-0.1218,0.19